"day","month","year","hour","houred","totinc","totdecr","medbikes","meanbikes","lastbikes","propempty","propfull","count"
26,9,2014,10,392145,0,0,11,11,11,0,0,2
26,9,2014,11,392146,0,0,11,11,11,0,0,6
26,9,2014,12,392147,0,0,11,11,11,0,0,6
26,9,2014,13,392148,0,0,11,11,11,0,0,6
26,9,2014,14,392149,0,0,11,11,11,0,0,10
26,9,2014,15,392150,0,0,11,11,11,0,0,7
26,9,2014,16,392151,1,0,11,11.3,12,0,0,10
26,9,2014,17,392152,0,0,12,12,12,0,0,6
26,9,2014,18,392153,0,2,10,10.7142857142857,10,0,0,7
26,9,2014,19,392154,0,0,10,10,10,0,0,6
26,9,2014,20,392155,0,0,10,10,10,0,0,6
26,9,2014,21,392156,0,0,10,10,10,0,0,6
26,9,2014,22,392157,0,0,10,10,10,0,0,6
26,9,2014,23,392158,0,0,10,10,10,0,0,6
27,9,2014,0,392159,0,0,10,10,10,0,0,6
27,9,2014,1,392160,0,0,10,10,10,0,0,6
27,9,2014,2,392161,0,0,10,10,10,0,0,6
27,9,2014,3,392162,0,0,10,10,10,0,0,6
27,9,2014,4,392163,0,1,9,9.42857142857143,9,0,0,7
27,9,2014,5,392164,1,0,9.5,9.5,10,0,0,6
27,9,2014,6,392165,0,0,10,10,10,0,0,6
27,9,2014,7,392166,0,0,10,10,10,0,0,6
27,9,2014,8,392167,1,0,10.5,10.5,11,0,0,6
27,9,2014,9,392168,0,0,11,11,11,0,0,6
27,9,2014,10,392169,0,1,11,10.8571428571429,10,0,0,7
27,9,2014,11,392170,1,2,10,9.85714285714286,9,0,0,7
27,9,2014,12,392171,0,0,9,9,9,0,0,6
27,9,2014,13,392172,0,0,9,9,9,0,0,6
27,9,2014,14,392173,0,3,7,7,6,0,0,9
27,9,2014,15,392174,0,0,6,6,6,0,0,6
27,9,2014,16,392175,2,0,8,7.5,8,0,0,6
27,9,2014,17,392176,0,0,8,8,8,0,0,6
27,9,2014,18,392177,0,0,8,8,8,0,0,6
27,9,2014,19,392178,0,1,7,7.16666666666667,7,0,0,6
27,9,2014,20,392179,0,0,7,7,7,0,0,6
27,9,2014,21,392180,0,0,7,7,7,0,0,6
27,9,2014,22,392181,0,0,7,7,7,0,0,5
27,9,2014,23,392182,0,0,7,7,7,0,0,6
28,9,2014,0,392183,0,0,7,7,7,0,0,6
28,9,2014,1,392184,0,0,7,7,7,0,0,6
28,9,2014,2,392185,0,0,7,7,7,0,0,6
28,9,2014,3,392186,0,0,7,7,7,0,0,6
28,9,2014,4,392187,0,0,7,7,7,0,0,6
28,9,2014,5,392188,0,0,7,7,7,0,0,6
28,9,2014,6,392189,0,0,7,7,7,0,0,6
28,9,2014,7,392190,0,0,7,7,7,0,0,6
28,9,2014,8,392191,0,0,7,7,7,0,0,6
28,9,2014,9,392192,0,0,7,7,7,0,0,6
28,9,2014,10,392193,0,0,7,7,7,0,0,6
28,9,2014,11,392194,0,0,7,7,7,0,0,5
28,9,2014,12,392195,0,0,7,7,7,0,0,6
28,9,2014,13,392196,0,0,7,7,7,0,0,6
28,9,2014,14,392197,0,1,6.5,6.5,6,0,0,6
28,9,2014,15,392198,0,0,6,6,6,0,0,6
28,9,2014,16,392199,0,0,6,6,6,0,0,6
28,9,2014,17,392200,0,0,6,6,6,0,0,6
28,9,2014,18,392201,0,2,4,4.57142857142857,4,0,0,7
28,9,2014,19,392202,2,0,4,4.57142857142857,6,0,0,7
28,9,2014,20,392203,0,0,6,6,6,0,0,6
28,9,2014,21,392204,0,0,6,6,6,0,0,6
28,9,2014,22,392205,0,0,6,6,6,0,0,6
28,9,2014,23,392206,0,0,6,6,6,0,0,6
29,9,2014,0,392207,0,0,6,6,6,0,0,6
29,9,2014,1,392208,0,0,6,6,6,0,0,6
29,9,2014,2,392209,0,0,6,6,6,0,0,6
29,9,2014,3,392210,0,0,6,6,6,0,0,6
29,9,2014,4,392211,0,1,6,5.875,5,0,0,8
29,9,2014,5,392212,0,0,5,5,5,0,0,6
29,9,2014,6,392213,0,0,6,6,6,0,0,6
29,9,2014,7,392214,0,0,6,6,6,0,0,6
29,9,2014,8,392215,0,0,6,6,6,0,0,6
29,9,2014,9,392216,0,0,6,6,6,0,0,6
29,9,2014,10,392217,0,1,6,5.66666666666667,5,0,0,9
29,9,2014,11,392218,1,0,6,5.6,6,0,0,10
29,9,2014,12,392219,0,0,6,6,6,0,0,6
29,9,2014,13,392220,0,0,6,6,6,0,0,6
29,9,2014,14,392221,0,1,6,5.625,5,0,0,8
29,9,2014,15,392222,4,3,5,5.4,6,0,0,15
29,9,2014,16,392223,2,0,7,6.85714285714286,8,0,0,7
29,9,2014,17,392224,0,0,8,8,8,0,0,3
29,9,2014,18,392225,0,0,8,8,8,0,0,6
29,9,2014,19,392226,0,0,8,8,8,0,0,6
29,9,2014,20,392227,0,0,8,8,8,0,0,6
29,9,2014,21,392228,0,0,8,8,8,0,0,6
29,9,2014,22,392229,1,1,8,8.28571428571429,8,0,0,7
29,9,2014,23,392230,0,0,8,8,8,0,0,6
30,9,2014,0,392231,0,0,8,8,8,0,0,6
30,9,2014,1,392232,0,0,8,8,8,0,0,6
30,9,2014,2,392233,0,0,8,8,8,0,0,6
30,9,2014,3,392234,0,0,8,8,8,0,0,6
30,9,2014,4,392235,0,1,7,7.14285714285714,7,0,0,7
30,9,2014,5,392236,1,0,8,7.66666666666667,8,0,0,6
30,9,2014,6,392237,0,0,8,8,8,0,0,6
30,9,2014,7,392238,0,0,8,8,8,0,0,6
30,9,2014,8,392239,0,0,8,8,8,0,0,6
30,9,2014,9,392240,2,0,9.5,9.375,10,0,0,8
30,9,2014,10,392241,0,1,10,9.71428571428571,9,0,0,7
30,9,2014,11,392242,0,0,9,9,9,0,0,6
30,9,2014,12,392243,0,0,9,9,9,0,0,6
30,9,2014,13,392244,0,0,9,9,9,0,0,6
30,9,2014,14,392245,0,0,9,9,9,0,0,6
30,9,2014,15,392246,2,1,10,9.72727272727273,10,0,0,11
30,9,2014,16,392247,1,1,10,9.8,10,0,0,10
30,9,2014,17,392248,0,0,10,10,10,0,0,6
30,9,2014,18,392249,0,0,10,10,10,0,0,8
30,9,2014,19,392250,0,0,11,11,11,0,0,10
30,9,2014,20,392251,1,1,11,10.8888888888889,11,0,0,9
30,9,2014,21,392252,0,0,11,11,11,0,0,7
30,9,2014,22,392253,0,0,11,11,11,0,0,9
30,9,2014,23,392254,0,0,11,11,11,0,0,9
1,10,2014,0,392255,0,0,11,11,11,0,0,8
1,10,2014,1,392256,0,0,11,11,11,0,0,9
1,10,2014,2,392257,0,0,11,11,11,0,0,10
1,10,2014,3,392258,0,0,11,11,11,0,0,6
1,10,2014,4,392259,0,0,11,11,11,0,0,10
1,10,2014,5,392260,0,0,11,11,11,0,0,9
1,10,2014,6,392261,1,0,11.5,11.5,12,0,0,8
1,10,2014,7,392262,1,0,13,12.7777777777778,13,0,0,9
1,10,2014,8,392263,1,0,13,13.1428571428571,14,0,0,7
1,10,2014,9,392264,0,0,14,14,14,0,0,9
1,10,2014,10,392265,1,1,15,14.625,14,0,0,8
1,10,2014,11,392266,0,0,14,14,14,0,0,6
1,10,2014,12,392267,0,0,14,14,14,0,0,6
1,10,2014,13,392268,2,3,13.5,13.4,13,0,0,10
1,10,2014,14,392269,1,0,13,13.3333333333333,14,0,0,6
1,10,2014,15,392270,2,0,16,15.5,16,0,0,8
1,10,2014,16,392271,0,0,16,16,16,0,0,8
1,10,2014,17,392272,2,4,17,16.3333333333333,14,0,0,9
1,10,2014,18,392273,0,0,14,14,14,0,0,8
1,10,2014,19,392274,0,0,14,14,14,0,0,7
1,10,2014,20,392275,0,0,14,14,14,0,0,8
1,10,2014,21,392276,0,0,14,14,14,0,0,9
1,10,2014,22,392277,0,0,14,14,14,0,0,9
1,10,2014,23,392278,0,0,14,14,14,0,0,9
2,10,2014,0,392279,0,0,14,14,14,0,0,7
2,10,2014,1,392280,0,0,14,14,14,0,0,10
2,10,2014,2,392281,0,0,14,14,14,0,0,8
2,10,2014,3,392282,0,0,14,14,14,0,0,8
2,10,2014,4,392283,0,0,14,14,14,0,0,10
2,10,2014,5,392284,4,3,11.5,11.1666666666667,13,0,0,12
2,10,2014,6,392285,0,1,12,12.1428571428571,12,0,0,7
2,10,2014,7,392286,0,0,12,12,12,0,0,6
2,10,2014,8,392287,0,0,12,12,12,0,0,6
2,10,2014,9,392288,0,0,12,12,12,0,0,6
2,10,2014,10,392289,0,2,11.5,11.875,11,0,0,8
2,10,2014,11,392290,0,0,11,11,11,0,0,6
2,10,2014,12,392291,0,2,9.5,9.75,9,0,0,8
2,10,2014,13,392292,0,0,9,9,9,0,0,6
2,10,2014,14,392293,0,0,9,9,9,0,0,6
2,10,2014,15,392294,2,1,9.5,9.5,10,0,0,8
2,10,2014,16,392295,0,3,7.5,8.1,7,0,0,10
2,10,2014,17,392296,0,0,7,7,7,0,0,6
2,10,2014,18,392297,0,1,7,6.85714285714286,6,0,0,7
2,10,2014,19,392298,0,0,6,6,6,0,0,8
2,10,2014,20,392299,0,0,6,6,6,0,0,10
2,10,2014,21,392300,0,0,6,6,6,0,0,9
2,10,2014,22,392301,0,0,6,6,6,0,0,8
2,10,2014,23,392302,0,0,6,6,6,0,0,9
3,10,2014,0,392303,0,0,6,6,6,0,0,9
3,10,2014,1,392304,0,0,6,6,6,0,0,8
3,10,2014,2,392305,0,0,6,6,6,0,0,9
3,10,2014,3,392306,0,0,6,6,6,0,0,9
3,10,2014,4,392307,0,1,6,5.66666666666667,5,0,0,9
3,10,2014,5,392308,1,0,5,5.22222222222222,6,0,0,9
3,10,2014,6,392309,1,0,7,6.9,7,0,0,10
3,10,2014,7,392310,0,1,6.5,6.5,6,0,0,8
3,10,2014,8,392311,1,0,6,6.11111111111111,7,0,0,9
3,10,2014,9,392312,1,0,8,7.83333333333333,8,0,0,6
3,10,2014,10,392313,0,1,8,7.57142857142857,7,0,0,7
3,10,2014,11,392314,1,0,7,7.14285714285714,8,0,0,7
3,10,2014,12,392315,1,1,7.5,7.5,8,0,0,8
3,10,2014,13,392316,0,0,8,8,8,0,0,6
3,10,2014,14,392317,1,1,8,7.85714285714286,8,0,0,7
3,10,2014,15,392318,0,0,8,8,8,0,0,6
3,10,2014,16,392319,0,0,8,8,8,0,0,6
3,10,2014,17,392320,0,0,8,8,8,0,0,6
3,10,2014,18,392321,1,1,8,7.71428571428571,8,0,0,7
3,10,2014,19,392322,0,0,8,8,8,0,0,6
3,10,2014,20,392323,0,0,8,8,8,0,0,6
3,10,2014,21,392324,0,0,8,8,8,0,0,6
3,10,2014,22,392325,0,0,8,8,8,0,0,6
3,10,2014,23,392326,0,0,8,8,8,0,0,9
4,10,2014,0,392327,0,0,8,8,8,0,0,8
4,10,2014,1,392328,0,0,8,8,8,0,0,9
4,10,2014,2,392329,0,0,8,8,8,0,0,7
4,10,2014,3,392330,0,0,8,8,8,0,0,10
4,10,2014,4,392331,0,1,8,7.63636363636364,7,0,0,11
4,10,2014,5,392332,0,0,7,7,7,0,0,7
4,10,2014,6,392333,0,0,7,7,7,0,0,8
4,10,2014,7,392334,0,0,7,7,7,0,0,9
4,10,2014,8,392335,0,0,7,7,7,0,0,9
4,10,2014,9,392336,1,0,8,7.71428571428571,8,0,0,7
4,10,2014,10,392337,0,0,8,8,8,0,0,5
4,10,2014,11,392338,0,3,7.5,7,5,0,0,10
4,10,2014,12,392339,0,1,5,4.85714285714286,4,0,0,7
4,10,2014,13,392340,0,0,4,4,4,0,0,6
4,10,2014,14,392341,0,2,2,2.85714285714286,2,0,0,7
4,10,2014,15,392342,0,0,2,2,2,0,0,6
4,10,2014,16,392343,1,2,1,1.27272727272727,1,0.0909090909090909,0,11
4,10,2014,17,392344,1,0,2,1.85714285714286,2,0,0,7
4,10,2014,18,392345,0,1,1,1.28571428571429,1,0,0,7
4,10,2014,19,392346,0,1,1,0.571428571428571,0,0.428571428571429,0,7
4,10,2014,20,392347,0,0,0,0,0,1,0,6
4,10,2014,21,392348,0,0,0,0,0,1,0,6
4,10,2014,22,392349,0,0,0,0,0,1,0,6
4,10,2014,23,392350,0,0,0,0,0,1,0,3
5,10,2014,0,392351,0,0,0,0,0,1,0,6
5,10,2014,1,392352,0,0,0,0,0,1,0,6
5,10,2014,2,392353,0,0,0,0,0,1,0,6
5,10,2014,3,392354,0,0,0,0,0,1,0,6
5,10,2014,4,392355,0,0,0,0,0,1,0,6
5,10,2014,5,392356,0,0,0,0,0,1,0,6
5,10,2014,6,392357,8,0,4,3.53846153846154,8,0.384615384615385,0,13
5,10,2014,7,392358,0,0,10,10,10,0,0,7
5,10,2014,8,392359,0,0,10,10,10,0,0,6
5,10,2014,9,392360,0,0,10,10,10,0,0,6
5,10,2014,10,392361,0,0,10,10,10,0,0,6
5,10,2014,11,392362,0,0,10,10,10,0,0,6
5,10,2014,12,392363,1,0,11,10.5714285714286,11,0,0,7
5,10,2014,13,392364,0,0,11,11,11,0,0,5
5,10,2014,14,392365,0,0,11,11,11,0,0,6
5,10,2014,15,392366,1,1,11,10.5454545454545,11,0,0,11
5,10,2014,16,392367,0,0,11,11,11,0,0,5
5,10,2014,17,392368,0,0,11,11,11,0,0,10
5,10,2014,18,392369,0,0,11,11,11,0,0,9
5,10,2014,19,392370,0,0,11,11,11,0,0,9
5,10,2014,20,392371,0,0,11,11,11,0,0,9
5,10,2014,21,392372,0,0,11,11,11,0,0,8
5,10,2014,22,392373,0,0,11,11,11,0,0,8
5,10,2014,23,392374,0,0,11,11,11,0,0,9
6,10,2014,0,392375,0,0,11,11,11,0,0,10
6,10,2014,1,392376,0,0,11,11,11,0,0,7
6,10,2014,2,392377,0,0,11,11,11,0,0,9
6,10,2014,3,392378,0,0,11,11,11,0,0,8
6,10,2014,4,392379,1,0,11,11.0909090909091,12,0,0,11
6,10,2014,5,392380,0,0,12,12,12,0,0,6
6,10,2014,6,392381,1,0,12,12.3333333333333,13,0,0,6
6,10,2014,7,392382,0,0,13,13,13,0,0,7
6,10,2014,8,392383,0,0,13,13,13,0,0,6
6,10,2014,9,392384,0,0,13,13,13,0,0,7
6,10,2014,10,392385,2,2,13,12.6428571428571,13,0,0,14
6,10,2014,11,392386,0,0,13,13,13,0,0,6
6,10,2014,12,392387,1,7,12,10.3333333333333,7,0,0,12
6,10,2014,13,392388,0,0,7,7,7,0,0,6
6,10,2014,14,392389,0,0,7,7,7,0,0,6
6,10,2014,15,392390,1,0,7.5,7.5,8,0,0,6
6,10,2014,16,392391,0,1,7.5,7.5,7,0,0,12
6,10,2014,17,392392,0,0,7,7,7,0,0,7
6,10,2014,18,392393,0,0,7,7,7,0,0,10
6,10,2014,19,392394,0,0,7,7,7,0,0,8
6,10,2014,20,392395,0,0,7,7,7,0,0,8
6,10,2014,21,392396,0,0,7,7,7,0,0,9
6,10,2014,22,392397,0,0,7,7,7,0,0,10
6,10,2014,23,392398,0,0,7,7,7,0,0,7
7,10,2014,0,392399,0,0,7,7,7,0,0,8
7,10,2014,1,392400,0,0,7,7,7,0,0,9
7,10,2014,2,392401,0,0,7,7,7,0,0,9
7,10,2014,3,392402,0,0,7,7,7,0,0,9
7,10,2014,4,392403,0,0,7,7,7,0,0,9
7,10,2014,5,392404,0,0,7,7,7,0,0,9
7,10,2014,6,392405,0,0,7,7,7,0,0,7
7,10,2014,7,392406,0,0,7,7,7,0,0,10
7,10,2014,8,392407,0,1,6,6.33333333333333,6,0,0,9
7,10,2014,9,392408,1,0,6,6.11111111111111,7,0,0,9
7,10,2014,10,392409,1,0,7,7.125,8,0,0,8
7,10,2014,11,392410,0,0,8,8,8,0,0,6
7,10,2014,12,392411,0,0,8,8,8,0,0,6
7,10,2014,13,392412,0,0,8,8,8,0,0,6
7,10,2014,14,392413,0,0,8,8,8,0,0,6
7,10,2014,15,392414,0,1,8,7.85714285714286,7,0,0,7
7,10,2014,16,392415,2,0,7,7.45454545454545,9,0,0,11
7,10,2014,17,392416,0,0,9,9,9,0,0,6
7,10,2014,18,392417,0,0,9,9,9,0,0,6
7,10,2014,19,392418,0,0,9,9,9,0,0,6
7,10,2014,20,392419,0,0,9,9,9,0,0,6
7,10,2014,21,392420,0,0,9,9,9,0,0,6
7,10,2014,22,392421,0,0,9,9,9,0,0,6
7,10,2014,23,392422,0,0,9,9,9,0,0,6
8,10,2014,0,392423,0,0,9,9,9,0,0,6
8,10,2014,1,392424,0,0,9,9,9,0,0,6
8,10,2014,2,392425,0,0,9,9,9,0,0,6
8,10,2014,3,392426,0,0,9,9,9,0,0,6
8,10,2014,4,392427,0,0,9,9,9,0,0,8
8,10,2014,5,392428,1,0,9,9.14285714285714,10,0,0,7
8,10,2014,6,392429,0,0,10,10,10,0,0,6
8,10,2014,7,392430,0,0,10,10,10,0,0,6
8,10,2014,8,392431,0,0,10,10,10,0,0,6
8,10,2014,9,392432,0,0,10,10,10,0,0,6
8,10,2014,10,392433,0,0,10,10,10,0,0,6
8,10,2014,11,392434,1,0,11,10.8571428571429,11,0,0,7
8,10,2014,12,392435,0,0,11,11,11,0,0,6
8,10,2014,13,392436,1,4,8,8.88888888888889,8,0,0,9
8,10,2014,14,392437,0,0,8,8,8,0,0,6
8,10,2014,15,392438,2,1,9,8.53846153846154,9,0,0,13
8,10,2014,16,392439,0,0,9,9,9,0,0,7
8,10,2014,17,392440,0,0,9,9,9,0,0,4
8,10,2014,18,392441,1,0,9,9.33333333333333,10,0,0,6
8,10,2014,19,392442,0,0,10,10,10,0,0,6
8,10,2014,20,392443,0,0,10,10,10,0,0,6
8,10,2014,21,392444,0,0,10,10,10,0,0,6
8,10,2014,22,392445,0,0,10,10,10,0,0,6
8,10,2014,23,392446,0,0,10,10,10,0,0,6
9,10,2014,0,392447,0,0,10,10,10,0,0,6
9,10,2014,1,392448,0,0,10,10,10,0,0,6
9,10,2014,2,392449,0,0,10,10,10,0,0,6
9,10,2014,3,392450,0,0,10,10,10,0,0,6
9,10,2014,4,392451,0,1,10,9.85714285714286,9,0,0,7
9,10,2014,5,392452,1,0,9,9.14285714285714,10,0,0,7
9,10,2014,6,392453,0,0,11,11,11,0,0,6
9,10,2014,7,392454,1,0,11,11.25,12,0,0,8
9,10,2014,8,392455,0,0,12,12,12,0,0,6
9,10,2014,9,392456,0,0,12,12,12,0,0,6
9,10,2014,10,392457,0,0,12,12,12,0,0,6
9,10,2014,11,392458,0,0,12,12,12,0,0,6
9,10,2014,12,392459,0,0,12,12,12,0,0,6
9,10,2014,13,392460,0,0,9,9,9,0,0,6
9,10,2014,14,392461,0,0,9,9,9,0,0,6
9,10,2014,15,392462,1,0,10,9.57142857142857,10,0,0,7
9,10,2014,16,392463,0,1,9,9.14285714285714,9,0,0,7
9,10,2014,17,392464,1,2,10,9.55555555555556,8,0,0,9
9,10,2014,18,392465,0,1,7,7.14285714285714,7,0,0,7
9,10,2014,19,392466,0,1,6,6.33333333333333,6,0,0,6
9,10,2014,20,392467,0,0,6,6,6,0,0,6
9,10,2014,21,392468,1,0,6,6.33333333333333,7,0,0,6
9,10,2014,22,392469,0,0,7,7,7,0,0,6
9,10,2014,23,392470,0,0,7,7,7,0,0,6
10,10,2014,0,392471,0,0,7,7,7,0,0,6
10,10,2014,1,392472,0,0,7,7,7,0,0,5
10,10,2014,2,392473,0,0,7,7,7,0,0,6
10,10,2014,3,392474,0,1,7,6.83333333333333,6,0,0,6
10,10,2014,4,392475,0,0,6,6,6,0,0,6
10,10,2014,5,392476,1,0,7,6.71428571428571,7,0,0,7
10,10,2014,6,392477,1,0,8,7.85714285714286,8,0,0,7
10,10,2014,7,392478,0,0,9,9,9,0,0,6
10,10,2014,8,392479,1,0,10,9.88888888888889,10,0,0,9
10,10,2014,9,392480,0,0,10,10,10,0,0,6
10,10,2014,10,392481,1,2,10,10.125,9,0,0,8
10,10,2014,11,392482,0,0,9,9,9,0,0,6
10,10,2014,12,392483,0,1,9,8.83333333333333,8,0,0,6
10,10,2014,13,392484,1,1,8,8.42857142857143,8,0,0,7
10,10,2014,14,392485,0,1,7,7.42857142857143,7,0,0,7
10,10,2014,15,392486,0,2,6,5.88888888888889,5,0,0,9
10,10,2014,16,392487,1,1,6,6.35714285714286,6,0,0,14
10,10,2014,17,392488,0,0,6,6,6,0,0,6
10,10,2014,18,392489,0,0,6,6,6,0,0,6
10,10,2014,19,392490,0,0,6,6,6,0,0,6
10,10,2014,20,392491,0,0,6,6,6,0,0,6
10,10,2014,21,392492,0,0,6,6,6,0,0,6
10,10,2014,22,392493,0,0,6,6,6,0,0,6
10,10,2014,23,392494,0,0,6,6,6,0,0,6
11,10,2014,0,392495,0,0,6,6,6,0,0,6
11,10,2014,1,392496,0,0,6,6,6,0,0,5
11,10,2014,2,392497,0,0,6,6,6,0,0,6
11,10,2014,3,392498,0,0,6,6,6,0,0,6
11,10,2014,4,392499,0,0,6,6,6,0,0,7
11,10,2014,5,392500,0,0,6,6,6,0,0,6
11,10,2014,6,392501,0,1,6,5.83333333333333,5,0,0,6
11,10,2014,7,392502,0,0,5,5,5,0,0,6
11,10,2014,8,392503,0,0,5,5,5,0,0,6
11,10,2014,9,392504,0,1,4,4.25,4,0,0,8
11,10,2014,10,392505,1,0,4,4.33333333333333,5,0,0,6
11,10,2014,11,392506,0,0,5,5,5,0,0,6
11,10,2014,12,392507,0,3,2,2.88888888888889,2,0,0,9
11,10,2014,13,392508,0,0,2,2,2,0,0,6
11,10,2014,14,392509,4,0,6,5,6,0,0,9
11,10,2014,15,392510,1,1,7,7.25,7,0,0,8
11,10,2014,16,392511,0,1,7,6.85714285714286,6,0,0,7
11,10,2014,17,392512,0,0,6,6,6,0,0,6
11,10,2014,18,392513,0,0,6,6,6,0,0,7
11,10,2014,19,392514,0,0,6,6,6,0,0,6
11,10,2014,20,392515,0,0,6,6,6,0,0,6
11,10,2014,21,392516,0,0,6,6,6,0,0,6
11,10,2014,22,392517,0,0,6,6,6,0,0,6
11,10,2014,23,392518,0,0,6,6,6,0,0,6
12,10,2014,0,392519,0,0,6,6,6,0,0,6
12,10,2014,1,392520,0,0,6,6,6,0,0,6
12,10,2014,2,392521,0,0,6,6,6,0,0,6
12,10,2014,3,392522,0,0,6,6,6,0,0,6
12,10,2014,4,392523,0,0,6,6,6,0,0,6
12,10,2014,5,392524,0,0,6,6,6,0,0,6
12,10,2014,6,392525,0,0,6,6,6,0,0,6
12,10,2014,7,392526,0,0,6,6,6,0,0,6
12,10,2014,8,392527,0,2,6,5.57142857142857,4,0,0,7
12,10,2014,9,392528,0,0,4,4,4,0,0,5
12,10,2014,10,392529,0,4,2,1.81818181818182,0,0.272727272727273,0,11
12,10,2014,11,392530,5,0,6,5.125,6,0,0,8
12,10,2014,12,392531,2,0,6,6.33333333333333,8,0,0,6
12,10,2014,13,392532,1,0,8,8.25,9,0,0,8
12,10,2014,14,392533,0,0,9,9,9,0,0,6
12,10,2014,15,392534,0,0,9,9,9,0,0,6
12,10,2014,16,392535,0,2,9,8.25,7,0,0,8
12,10,2014,17,392536,0,0,7,7,7,0,0,6
12,10,2014,18,392537,0,0,7,7,7,0,0,6
12,10,2014,19,392538,0,0,7,7,7,0,0,6
12,10,2014,20,392539,0,0,7,7,7,0,0,6
12,10,2014,21,392540,0,0,7,7,7,0,0,6
12,10,2014,22,392541,0,0,7,7,7,0,0,6
12,10,2014,23,392542,0,0,7,7,7,0,0,5
13,10,2014,0,392543,0,0,7,7,7,0,0,6
13,10,2014,1,392544,0,0,7,7,7,0,0,6
13,10,2014,2,392545,0,0,7,7,7,0,0,6
13,10,2014,3,392546,0,0,7,7,7,0,0,6
13,10,2014,4,392547,0,0,7,7,7,0,0,5
13,10,2014,5,392548,0,0,7,7,7,0,0,5
13,10,2014,6,392549,0,0,7,7,7,0,0,6
13,10,2014,7,392550,0,0,7,7,7,0,0,6
13,10,2014,8,392551,0,0,7,7,7,0,0,6
13,10,2014,9,392552,0,0,7,7,7,0,0,6
13,10,2014,10,392553,0,0,7,7,7,0,0,6
13,10,2014,11,392554,0,0,7,7,7,0,0,6
13,10,2014,12,392555,0,0,7,7,7,0,0,6
13,10,2014,13,392556,0,0,7,7,7,0,0,6
13,10,2014,14,392557,0,2,6.5,6.25,5,0,0,8
13,10,2014,15,392558,0,1,5,4.57142857142857,4,0,0,7
13,10,2014,16,392559,1,0,5,4.75,5,0,0,8
13,10,2014,17,392560,0,0,5,5,5,0,0,5
13,10,2014,18,392561,0,0,5,5,5,0,0,6
13,10,2014,19,392562,0,0,5,5,5,0,0,6
13,10,2014,20,392563,0,0,5,5,5,0,0,6
13,10,2014,21,392564,0,0,5,5,5,0,0,6
13,10,2014,22,392565,0,0,5,5,5,0,0,6
13,10,2014,23,392566,0,0,5,5,5,0,0,6
14,10,2014,0,392567,0,0,5,5,5,0,0,6
14,10,2014,1,392568,0,0,5,5,5,0,0,6
14,10,2014,2,392569,0,0,5,5,5,0,0,6
14,10,2014,3,392570,0,0,5,5,5,0,0,6
14,10,2014,4,392571,0,0,5,5,5,0,0,8
14,10,2014,5,392572,1,0,5,5.16666666666667,6,0,0,6
14,10,2014,6,392573,0,0,6,6,6,0,0,6
14,10,2014,7,392574,0,0,6,6,6,0,0,6
14,10,2014,8,392575,0,0,6,6,6,0,0,6
14,10,2014,9,392576,0,0,6,6,6,0,0,6
14,10,2014,10,392577,0,0,6,6,6,0,0,6
14,10,2014,11,392578,0,0,6,6,6,0,0,6
14,10,2014,12,392579,1,0,7,6.9,7,0,0,10
14,10,2014,13,392580,1,2,7,7.1,6,0,0,10
14,10,2014,14,392581,1,1,5,5.44444444444444,6,0,0,9
14,10,2014,15,392582,0,0,6,6,6,0,0,5
14,10,2014,16,392583,0,0,7,7,7,0,0,5
14,10,2014,17,392584,0,1,7,6.625,6,0,0,8
14,10,2014,18,392585,6,0,8,8.625,12,0,0,8
14,10,2014,19,392586,0,0,12,12,12,0,0,5
14,10,2014,20,392587,0,0,12,12,12,0,0,6
14,10,2014,21,392588,0,0,12,12,12,0,0,6
14,10,2014,22,392589,0,0,12,12,12,0,0,6
14,10,2014,23,392590,0,0,12,12,12,0,0,6
15,10,2014,0,392591,0,0,12,12,12,0,0,6
15,10,2014,1,392592,0,0,12,12,12,0,0,6
15,10,2014,2,392593,0,0,12,12,12,0,0,6
15,10,2014,3,392594,0,0,12,12,12,0,0,6
15,10,2014,4,392595,0,4,12,11.5,8,0,0,8
15,10,2014,5,392596,0,0,8,8,8,0,0,6
15,10,2014,6,392597,0,0,8,8,8,0,0,6
15,10,2014,7,392598,0,0,8,8,8,0,0,6
15,10,2014,8,392599,0,0,8,8,8,0,0,4
15,10,2014,9,392600,0,0,9,9,9,0,0,7
15,10,2014,10,392601,0,0,9,9,9,0,0,6
15,10,2014,11,392602,0,0,9,9,9,0,0,6
15,10,2014,12,392603,0,0,9,9,9,0,0,6
15,10,2014,13,392604,0,0,9,9,9,0,0,6
15,10,2014,14,392605,0,0,9,9,9,0,0,6
15,10,2014,15,392606,0,1,9,8.57142857142857,8,0,0,7
15,10,2014,16,392607,3,0,10.5,9.75,11,0,0,8
15,10,2014,17,392608,0,0,11,11,11,0,0,6
15,10,2014,18,392609,0,0,11,11,11,0,0,6
15,10,2014,19,392610,0,0,11,11,11,0,0,6
15,10,2014,20,392611,0,0,11,11,11,0,0,6
15,10,2014,21,392612,0,0,11,11,11,0,0,2
16,10,2014,4,392619,0,3,9.5,9.5,8,0,0,2
16,10,2014,5,392620,0,0,8,8,8,0,0,6
16,10,2014,6,392621,0,0,8,8,8,0,0,5
16,10,2014,7,392622,0,0,8,8,8,0,0,6
16,10,2014,8,392623,0,0,8,8,8,0,0,6
16,10,2014,9,392624,0,0,8,8,8,0,0,6
16,10,2014,10,392625,0,0,8,8,8,0,0,6
16,10,2014,11,392626,0,0,8,8,8,0,0,6
16,10,2014,12,392627,0,0,8,8,8,0,0,6
16,10,2014,13,392628,0,0,8,8,8,0,0,6
16,10,2014,14,392629,3,0,9,9.42857142857143,11,0,0,7
16,10,2014,15,392630,1,0,11.5,11.5,12,0,0,6
16,10,2014,16,392631,0,1,11,11.1428571428571,11,0,0,7
16,10,2014,17,392632,0,0,11,11,11,0,0,6
16,10,2014,18,392633,0,0,11,11,11,0,0,6
16,10,2014,19,392634,0,0,11,11,11,0,0,6
16,10,2014,20,392635,0,0,11,11,11,0,0,6
16,10,2014,21,392636,0,0,11,11,11,0,0,6
16,10,2014,22,392637,0,0,11,11,11,0,0,6
16,10,2014,23,392638,0,0,11,11,11,0,0,6
17,10,2014,0,392639,0,0,11,11,11,0,0,6
17,10,2014,1,392640,0,0,11,11,11,0,0,6
17,10,2014,2,392641,0,0,11,11,11,0,0,6
17,10,2014,3,392642,0,0,11,11,11,0,0,6
17,10,2014,4,392643,0,4,11,9.33333333333333,7,0,0,9
17,10,2014,5,392644,0,0,7,7,7,0,0,6
17,10,2014,6,392645,0,0,7,7,7,0,0,6
17,10,2014,7,392646,0,0,7,7,7,0,0,6
17,10,2014,8,392647,0,0,7,7,7,0,0,6
17,10,2014,9,392648,0,0,7,7,7,0,0,6
17,10,2014,10,392649,0,0,7,7,7,0,0,5
17,10,2014,11,392650,0,0,7,7,7,0,0,6
17,10,2014,12,392651,0,0,7,7,7,0,0,6
17,10,2014,13,392652,0,0,7,7,7,0,0,6
17,10,2014,14,392653,0,0,7,7,7,0,0,6
17,10,2014,15,392654,0,0,7,7,7,0,0,6
17,10,2014,16,392655,0,0,7,7,7,0,0,6
17,10,2014,17,392656,0,0,7,7,7,0,0,7
17,10,2014,18,392657,0,0,7,7,7,0,0,6
17,10,2014,19,392658,0,0,7,7,7,0,0,6
17,10,2014,20,392659,0,0,7,7,7,0,0,6
17,10,2014,21,392660,0,0,7,7,7,0,0,6
17,10,2014,22,392661,0,0,7,7,7,0,0,6
17,10,2014,23,392662,0,0,7,7,7,0,0,6
18,10,2014,0,392663,0,0,7,7,7,0,0,6
18,10,2014,1,392664,0,0,7,7,7,0,0,6
18,10,2014,2,392665,0,0,7,7,7,0,0,6
18,10,2014,3,392666,0,0,7,7,7,0,0,3
18,10,2014,4,392667,0,0,7,7,7,0,0,7
18,10,2014,5,392668,0,0,7,7,7,0,0,6
18,10,2014,6,392669,0,0,7,7,7,0,0,6
18,10,2014,7,392670,0,0,7,7,7,0,0,6
18,10,2014,8,392671,0,0,7,7,7,0,0,6
18,10,2014,9,392672,0,0,7,7,7,0,0,6
18,10,2014,10,392673,0,0,7,7,7,0,0,5
18,10,2014,11,392674,0,0,7,7,7,0,0,8
18,10,2014,12,392675,3,0,9,8.77777777777778,10,0,0,9
18,10,2014,13,392676,0,2,8,8.42857142857143,8,0,0,7
18,10,2014,14,392677,0,0,8,8,8,0,0,6
18,10,2014,15,392678,0,0,8,8,8,0,0,6
18,10,2014,16,392679,0,0,8,8,8,0,0,6
18,10,2014,17,392680,0,0,8,8,8,0,0,6
18,10,2014,18,392681,0,0,8,8,8,0,0,6
18,10,2014,19,392682,0,0,8,8,8,0,0,6
18,10,2014,20,392683,0,0,8,8,8,0,0,6
18,10,2014,21,392684,0,0,8,8,8,0,0,6
18,10,2014,22,392685,0,0,8,8,8,0,0,6
18,10,2014,23,392686,0,0,8,8,8,0,0,6
19,10,2014,0,392687,0,0,8,8,8,0,0,6
19,10,2014,1,392688,0,0,8,8,8,0,0,6
19,10,2014,2,392689,0,0,8,8,8,0,0,6
19,10,2014,3,392690,1,1,8,8.375,8,0,0,8
19,10,2014,4,392691,0,0,8,8,8,0,0,7
19,10,2014,5,392692,0,0,8,8,8,0,0,6
19,10,2014,6,392693,0,0,8,8,8,0,0,6
19,10,2014,7,392694,0,0,8,8,8,0,0,6
19,10,2014,8,392695,0,0,8,8,8,0,0,6
19,10,2014,9,392696,0,0,8,8,8,0,0,6
19,10,2014,10,392697,0,0,8,8,8,0,0,6
19,10,2014,11,392698,0,0,8,8,8,0,0,6
19,10,2014,12,392699,0,0,8,8,8,0,0,6
19,10,2014,13,392700,0,0,8,8,8,0,0,6
19,10,2014,14,392701,0,0,8,8,8,0,0,6
19,10,2014,15,392702,0,0,8,8,8,0,0,6
19,10,2014,16,392703,0,0,8,8,8,0,0,6
19,10,2014,17,392704,0,0,8,8,8,0,0,6
19,10,2014,18,392705,0,0,8,8,8,0,0,7
19,10,2014,19,392706,0,0,8,8,8,0,0,6
19,10,2014,20,392707,0,0,8,8,8,0,0,6
19,10,2014,21,392708,0,0,8,8,8,0,0,6
19,10,2014,22,392709,0,0,8,8,8,0,0,6
19,10,2014,23,392710,0,0,8,8,8,0,0,6
20,10,2014,0,392711,0,0,8,8,8,0,0,6
20,10,2014,1,392712,0,0,8,8,8,0,0,6
20,10,2014,2,392713,0,0,8,8,8,0,0,6
20,10,2014,3,392714,0,0,8,8,8,0,0,5
20,10,2014,4,392715,0,0,8,8,8,0,0,7
20,10,2014,5,392716,0,0,8,8,8,0,0,6
20,10,2014,6,392717,0,0,8,8,8,0,0,6
20,10,2014,7,392718,0,0,8,8,8,0,0,6
20,10,2014,8,392719,0,0,8,8,8,0,0,6
20,10,2014,9,392720,0,0,8,8,8,0,0,6
20,10,2014,10,392721,0,0,8,8,8,0,0,6
20,10,2014,11,392722,0,1,7,7.42857142857143,7,0,0,7
20,10,2014,12,392723,1,0,8,7.57142857142857,8,0,0,7
20,10,2014,13,392724,0,0,8,8,8,0,0,5
20,10,2014,14,392725,0,0,8,8,8,0,0,6
20,10,2014,15,392726,0,0,8,8,8,0,0,6
20,10,2014,16,392727,0,0,8,8,8,0,0,6
20,10,2014,17,392728,0,0,8,8,8,0,0,6
20,10,2014,18,392729,0,0,8,8,8,0,0,6
20,10,2014,19,392730,0,0,8,8,8,0,0,6
20,10,2014,20,392731,0,0,8,8,8,0,0,6
20,10,2014,21,392732,0,0,8,8,8,0,0,6
20,10,2014,22,392733,0,0,8,8,8,0,0,6
20,10,2014,23,392734,0,0,8,8,8,0,0,6
21,10,2014,0,392735,0,0,8,8,8,0,0,6
21,10,2014,1,392736,0,0,8,8,8,0,0,6
21,10,2014,2,392737,0,0,8,8,8,0,0,6
21,10,2014,3,392738,0,0,8,8,8,0,0,6
21,10,2014,4,392739,0,0,8,8,8,0,0,6
21,10,2014,5,392740,0,0,8,8,8,0,0,6
21,10,2014,6,392741,0,0,8,8,8,0,0,6
21,10,2014,7,392742,0,0,8,8,8,0,0,6
21,10,2014,8,392743,0,0,8,8,8,0,0,6
21,10,2014,9,392744,0,0,8,8,8,0,0,6
21,10,2014,10,392745,0,0,8,8,8,0,0,6
21,10,2014,11,392746,0,0,8,8,8,0,0,6
21,10,2014,12,392747,0,0,8,8,8,0,0,6
21,10,2014,13,392748,0,1,8,7.85714285714286,7,0,0,7
21,10,2014,14,392749,0,1,6,6.14285714285714,6,0,0,7
21,10,2014,15,392750,0,1,5,5.33333333333333,5,0,0,9
21,10,2014,16,392751,0,0,5,5,5,0,0,9
21,10,2014,17,392752,0,0,5,5,5,0,0,9
21,10,2014,18,392753,0,0,5,5,5,0,0,7
21,10,2014,19,392754,0,0,5,5,5,0,0,13
21,10,2014,20,392755,0,0,5,5,5,0,0,7
21,10,2014,21,392756,0,0,5,5,5,0,0,8
21,10,2014,22,392757,0,0,5,5,5,0,0,11
21,10,2014,23,392758,0,0,5,5,5,0,0,7
22,10,2014,0,392759,0,0,5,5,5,0,0,9
22,10,2014,1,392760,0,0,5,5,5,0,0,10
22,10,2014,2,392761,0,0,5,5,5,0,0,8
22,10,2014,3,392762,0,0,5,5,5,0,0,10
22,10,2014,4,392763,0,0,5,5,5,0,0,8
22,10,2014,5,392764,0,0,5,5,5,0,0,8
22,10,2014,6,392765,0,0,5,5,5,0,0,7
22,10,2014,7,392766,4,0,5,5.94444444444444,9,0,0,18
22,10,2014,8,392767,0,0,9,9,9,0,0,6
22,10,2014,9,392768,0,0,9,9,9,0,0,6
22,10,2014,10,392769,1,1,9.5,9.5,9,0,0,8
22,10,2014,11,392770,0,0,9,9,9,0,0,7
22,10,2014,12,392771,1,3,7,8,7,0,0,8
22,10,2014,13,392772,0,0,7,7,7,0,0,6
22,10,2014,14,392773,1,0,7,7.1,8,0,0,10
22,10,2014,15,392774,0,0,8,8,8,0,0,9
22,10,2014,16,392775,0,0,8,8,8,0,0,8
22,10,2014,17,392776,1,0,8,8.22222222222222,9,0,0,9
22,10,2014,18,392777,0,0,9,9,9,0,0,6
22,10,2014,19,392778,0,0,9,9,9,0,0,6
22,10,2014,20,392779,0,0,9,9,9,0,0,6
22,10,2014,21,392780,0,0,9,9,9,0,0,6
22,10,2014,22,392781,0,0,9,9,9,0,0,6
22,10,2014,23,392782,0,0,9,9,9,0,0,6
23,10,2014,0,392783,0,0,9,9,9,0,0,6
23,10,2014,1,392784,0,0,9,9,9,0,0,6
23,10,2014,2,392785,0,0,9,9,9,0,0,6
23,10,2014,3,392786,0,0,9,9,9,0,0,6
23,10,2014,4,392787,0,0,9,9,9,0,0,8
23,10,2014,5,392788,0,0,9,9,9,0,0,6
23,10,2014,6,392789,0,0,9,9,9,0,0,6
23,10,2014,7,392790,1,0,10,9.83333333333333,10,0,0,6
23,10,2014,8,392791,0,0,10,10,10,0,0,6
23,10,2014,9,392792,0,1,10,9.71428571428571,9,0,0,7
23,10,2014,10,392793,0,3,7,7.4,6,0,0,5
23,10,2014,11,392794,0,0,6,6,6,0,0,6
23,10,2014,12,392795,0,0,6,6,6,0,0,7
23,10,2014,13,392796,0,0,6,6,6,0,0,6
23,10,2014,14,392797,0,1,6,5.57142857142857,5,0,0,7
23,10,2014,15,392798,1,0,5,5.28571428571429,6,0,0,7
23,10,2014,16,392799,0,0,6,6,6,0,0,6
23,10,2014,17,392800,0,0,6,6,6,0,0,6
23,10,2014,18,392801,0,0,6,6,6,0,0,6
23,10,2014,19,392802,0,0,6,6,6,0,0,6
23,10,2014,20,392803,0,0,6,6,6,0,0,5
23,10,2014,21,392804,0,0,6,6,6,0,0,6
23,10,2014,22,392805,0,0,6,6,6,0,0,6
23,10,2014,23,392806,0,0,6,6,6,0,0,6
24,10,2014,0,392807,0,0,6,6,6,0,0,6
24,10,2014,1,392808,0,0,6,6,6,0,0,6
24,10,2014,2,392809,0,0,6,6,6,0,0,6
24,10,2014,3,392810,0,0,6,6,6,0,0,6
24,10,2014,4,392811,0,0,6,6,6,0,0,7
24,10,2014,5,392812,0,0,6,6,6,0,0,4
24,10,2014,6,392813,0,0,6,6,6,0,0,6
24,10,2014,7,392814,0,0,6,6,6,0,0,6
24,10,2014,8,392815,0,0,6,6,6,0,0,6
24,10,2014,9,392816,0,0,6,6,6,0,0,6
24,10,2014,10,392817,0,0,6,6,6,0,0,6
24,10,2014,11,392818,0,0,6,6,6,0,0,6
24,10,2014,12,392819,0,0,6,6,6,0,0,6
24,10,2014,13,392820,0,1,6,5.57142857142857,5,0,0,7
24,10,2014,14,392821,1,1,5,5.3,5,0,0,10
24,10,2014,15,392822,0,1,4,4.125,4,0,0,8
24,10,2014,16,392823,0,1,4,3.6,3,0,0,10
24,10,2014,17,392824,1,1,4,3.6,4,0,0,10
24,10,2014,18,392825,0,0,4,4,4,0,0,10
24,10,2014,19,392826,0,0,4,4,4,0,0,8
24,10,2014,20,392827,0,0,4,4,4,0,0,3
24,10,2014,21,392828,0,0,4,4,4,0,0,9
24,10,2014,22,392829,0,0,4,4,4,0,0,9
24,10,2014,23,392830,0,0,4,4,4,0,0,8
25,10,2014,0,392831,0,0,4,4,4,0,0,9
25,10,2014,1,392832,0,0,4,4,4,0,0,10
25,10,2014,2,392833,0,0,4,4,4,0,0,5
25,10,2014,3,392834,0,0,4,4,4,0,0,9
25,10,2014,4,392835,0,0,4,4,4,0,0,8
25,10,2014,5,392836,0,0,4,4,4,0,0,8
25,10,2014,6,392837,0,0,4,4,4,0,0,10
25,10,2014,7,392838,0,0,4,4,4,0,0,7
25,10,2014,8,392839,0,0,4,4,4,0,0,9
25,10,2014,9,392840,1,0,4,4.28571428571429,5,0,0,7
25,10,2014,10,392841,0,0,5,5,5,0,0,6
25,10,2014,11,392842,0,0,5,5,5,0,0,6
25,10,2014,12,392843,0,0,5,5,5,0,0,6
25,10,2014,13,392844,0,0,5,5,5,0,0,6
25,10,2014,14,392845,0,0,5,5,5,0,0,6
25,10,2014,15,392846,0,0,5,5,5,0,0,6
25,10,2014,16,392847,0,0,5,5,5,0,0,6
25,10,2014,17,392848,0,0,5,5,5,0,0,6
25,10,2014,18,392849,0,0,5,5,5,0,0,6
25,10,2014,19,392850,0,0,5,5,5,0,0,6
25,10,2014,20,392851,0,0,5,5,5,0,0,6
25,10,2014,21,392852,0,0,5,5,5,0,0,6
25,10,2014,22,392853,0,0,5,5,5,0,0,6
25,10,2014,23,392854,0,0,5,5,5,0,0,6
26,10,2014,0,392855,0,0,5,5,5,0,0,6
26,10,2014,1,392856,0,0,5,5,5,0,0,6
26,10,2014,1,392857,0,0,5,5,5,0,0,6
26,10,2014,2,392858,0,0,5,5,5,0,0,7
26,10,2014,3,392859,0,0,5,5,5,0,0,6
26,10,2014,4,392860,0,0,5,5,5,0,0,6
26,10,2014,5,392861,0,0,5,5,5,0,0,6
26,10,2014,6,392862,0,0,5,5,5,0,0,6
26,10,2014,7,392863,0,0,5,5,5,0,0,6
26,10,2014,8,392864,0,0,5,5,5,0,0,6
26,10,2014,9,392865,0,0,5,5,5,0,0,6
26,10,2014,10,392866,0,0,5,5,5,0,0,6
26,10,2014,11,392867,0,0,5,5,5,0,0,6
26,10,2014,12,392868,0,0,5,5,5,0,0,6
26,10,2014,13,392869,0,1,5,4.71428571428571,4,0,0,7
26,10,2014,14,392870,0,0,4,4,4,0,0,6
26,10,2014,15,392871,0,0,4,4,4,0,0,6
26,10,2014,16,392872,0,0,4,4,4,0,0,6
26,10,2014,17,392873,0,0,4,4,4,0,0,6
26,10,2014,18,392874,0,0,4,4,4,0,0,6
26,10,2014,19,392875,0,0,4,4,4,0,0,6
26,10,2014,20,392876,0,0,4,4,4,0,0,6
26,10,2014,21,392877,0,0,4,4,4,0,0,6
26,10,2014,22,392878,0,0,4,4,4,0,0,6
26,10,2014,23,392879,0,0,4,4,4,0,0,6
27,10,2014,0,392880,0,0,4,4,4,0,0,4
27,10,2014,1,392881,0,0,4,4,4,0,0,6
27,10,2014,2,392882,0,0,4,4,4,0,0,6
27,10,2014,3,392883,0,0,4,4,4,0,0,6
27,10,2014,4,392884,0,0,4,4,4,0,0,6
27,10,2014,5,392885,0,0,4,4,4,0,0,6
27,10,2014,6,392886,0,1,4,3.66666666666667,3,0,0,6
27,10,2014,7,392887,0,0,3,3,3,0,0,6
27,10,2014,8,392888,0,1,3,2.71428571428571,2,0,0,7
27,10,2014,9,392889,1,0,2,2.16666666666667,3,0,0,6
27,10,2014,10,392890,1,0,4,3.71428571428571,4,0,0,7
27,10,2014,11,392891,0,0,4,4,4,0,0,6
27,10,2014,12,392892,0,0,4,4,4,0,0,5
27,10,2014,13,392893,0,0,4,4,4,0,0,6
27,10,2014,14,392894,0,0,4,4,4,0,0,6
27,10,2014,15,392895,0,0,4,4,4,0,0,6
27,10,2014,16,392896,1,2,2,2.73333333333333,3,0,0,15
27,10,2014,17,392897,1,0,4,3.85714285714286,4,0,0,7
27,10,2014,18,392898,0,0,4,4,4,0,0,6
27,10,2014,19,392899,0,0,4,4,4,0,0,6
27,10,2014,20,392900,0,0,4,4,4,0,0,6
27,10,2014,21,392901,0,0,4,4,4,0,0,6
27,10,2014,22,392902,0,0,4,4,4,0,0,6
27,10,2014,23,392903,0,0,4,4,4,0,0,6
28,10,2014,0,392904,0,0,4,4,4,0,0,6
28,10,2014,1,392905,0,0,4,4,4,0,0,6
28,10,2014,2,392906,0,0,4,4,4,0,0,6
28,10,2014,3,392907,0,0,4,4,4,0,0,6
28,10,2014,4,392908,0,0,4,4,4,0,0,6
28,10,2014,5,392909,0,0,4,4,4,0,0,6
28,10,2014,6,392910,0,0,4,4,4,0,0,6
28,10,2014,7,392911,0,0,4,4,4,0,0,6
28,10,2014,8,392912,0,0,4,4,4,0,0,7
28,10,2014,9,392913,1,0,4,4.125,5,0,0,8
28,10,2014,10,392914,1,0,5,5.42857142857143,6,0,0,7
28,10,2014,11,392915,0,1,6,5.83333333333333,5,0,0,6
28,10,2014,12,392916,0,0,5,5,5,0,0,6
28,10,2014,13,392917,0,0,5,5,5,0,0,7
28,10,2014,14,392918,0,0,5,5,5,0,0,6
28,10,2014,15,392919,0,0,5,5,5,0,0,6
28,10,2014,16,392920,0,1,5,4.66666666666667,4,0,0,9
28,10,2014,17,392921,0,0,4,4,4,0,0,6
28,10,2014,18,392922,0,1,3,3.42857142857143,3,0,0,7
28,10,2014,19,392923,0,0,3,3,3,0,0,6
28,10,2014,20,392924,0,0,3,3,3,0,0,6
28,10,2014,21,392925,0,0,3,3,3,0,0,6
28,10,2014,22,392926,0,0,3,3,3,0,0,6
28,10,2014,23,392927,0,0,3,3,3,0,0,4
29,10,2014,0,392928,0,0,3,3,3,0,0,6
29,10,2014,1,392929,0,0,3,3,3,0,0,6
29,10,2014,2,392930,0,0,3,3,3,0,0,6
29,10,2014,3,392931,0,0,3,3,3,0,0,6
29,10,2014,4,392932,0,0,3,3,3,0,0,8
29,10,2014,5,392933,0,0,3,3,3,0,0,6
29,10,2014,6,392934,1,0,3,3.25,4,0,0,4
29,10,2014,7,392935,0,0,4,4,4,0,0,6
29,10,2014,8,392936,0,0,4,4,4,0,0,6
29,10,2014,9,392937,0,0,4,4,4,0,0,6
29,10,2014,10,392938,0,0,4,4,4,0,0,6
29,10,2014,11,392939,0,0,4,4,4,0,0,6
29,10,2014,12,392940,0,0,4,4,4,0,0,6
29,10,2014,13,392941,0,3,2,2.125,1,0,0,8
29,10,2014,14,392942,1,0,2,1.71428571428571,2,0,0,7
29,10,2014,15,392943,1,2,2.5,2.4,1,0,0,10
29,10,2014,16,392944,3,0,1,1.66666666666667,4,0,0,9
29,10,2014,17,392945,0,0,4,4,4,0,0,6
29,10,2014,18,392946,0,0,4,4,4,0,0,6
29,10,2014,19,392947,0,0,4,4,4,0,0,6
29,10,2014,20,392948,0,0,4,4,4,0,0,6
29,10,2014,21,392949,0,0,4,4,4,0,0,6
29,10,2014,22,392950,0,0,4,4,4,0,0,6
29,10,2014,23,392951,0,0,4,4,4,0,0,6
30,10,2014,0,392952,0,0,4,4,4,0,0,6
30,10,2014,1,392953,0,0,4,4,4,0,0,6
30,10,2014,2,392954,0,0,4,4,4,0,0,6
30,10,2014,3,392955,0,0,4,4,4,0,0,6
30,10,2014,4,392956,0,0,4,4,4,0,0,6
30,10,2014,5,392957,0,0,4,4,4,0,0,3
30,10,2014,6,392958,0,0,4,4,4,0,0,6
30,10,2014,7,392959,0,0,4,4,4,0,0,6
30,10,2014,8,392960,0,0,4,4,4,0,0,6
30,10,2014,9,392961,0,0,4,4,4,0,0,6
30,10,2014,10,392962,0,0,4,4,4,0,0,6
30,10,2014,11,392963,0,0,4,4,4,0,0,6
30,10,2014,12,392964,0,0,4,4,4,0,0,6
30,10,2014,13,392965,0,0,4,4,4,0,0,6
30,10,2014,14,392966,0,0,4,4,4,0,0,6
30,10,2014,15,392967,0,0,4,4,4,0,0,6
30,10,2014,16,392968,0,0,4,4,4,0,0,6
30,10,2014,17,392969,0,0,4,4,4,0,0,6
30,10,2014,18,392970,0,0,4,4,4,0,0,5
30,10,2014,19,392971,0,0,4,4,4,0,0,6
30,10,2014,20,392972,2,0,6,5.75,6,0,0,8
30,10,2014,21,392973,0,0,6,6,6,0,0,6
30,10,2014,22,392974,0,0,6,6,6,0,0,6
30,10,2014,23,392975,0,0,6,6,6,0,0,6
31,10,2014,0,392976,0,0,6,6,6,0,0,6
31,10,2014,1,392977,0,0,6,6,6,0,0,6
31,10,2014,2,392978,0,0,6,6,6,0,0,6
31,10,2014,3,392979,0,0,6,6,6,0,0,6
31,10,2014,4,392980,0,0,6,6,6,0,0,6
31,10,2014,5,392981,0,0,6,6,6,0,0,6
31,10,2014,6,392982,0,0,6,6,6,0,0,6
31,10,2014,7,392983,0,0,6,6,6,0,0,6
31,10,2014,8,392984,0,0,6,6,6,0,0,6
31,10,2014,9,392985,0,0,6,6,6,0,0,6
31,10,2014,10,392986,0,0,6,6,6,0,0,6
31,10,2014,11,392987,0,0,6,6,6,0,0,6
31,10,2014,12,392988,1,0,6,6.16666666666667,7,0,0,6
31,10,2014,13,392989,1,0,7,7.25,8,0,0,8
31,10,2014,14,392990,0,0,8,8,8,0,0,6
31,10,2014,15,392991,0,0,8,8,8,0,0,6
31,10,2014,16,392992,0,0,8,8,8,0,0,6
31,10,2014,17,392993,1,2,7,7.41176470588235,7,0,0,17
31,10,2014,18,392994,0,0,7,7,7,0,0,6
31,10,2014,19,392995,1,0,8,7.71428571428571,8,0,0,7
31,10,2014,20,392996,0,0,8,8,8,0,0,5
31,10,2014,21,392997,0,0,8,8,8,0,0,6
31,10,2014,22,392998,0,0,8,8,8,0,0,6
31,10,2014,23,392999,0,0,8,8,8,0,0,6
1,11,2014,0,393000,0,0,8,8,8,0,0,6
1,11,2014,1,393001,0,0,8,8,8,0,0,6
1,11,2014,2,393002,0,0,8,8,8,0,0,6
1,11,2014,3,393003,0,0,8,8,8,0,0,5
1,11,2014,4,393004,0,0,8,8,8,0,0,5
1,11,2014,5,393005,0,0,8,8,8,0,0,8
1,11,2014,6,393006,0,0,8,8,8,0,0,7
1,11,2014,7,393007,0,0,8,8,8,0,0,6
1,11,2014,8,393008,0,0,8,8,8,0,0,6
1,11,2014,9,393009,0,0,8,8,8,0,0,5
5,11,2014,6,393102,0,8,5,4.33333333333333,0,0.333333333333333,0,6
17,12,2014,22,394126,0,0,0,0,0,1,0,1
21,1,2015,22,394966,0,0,0,0,0,1,0,1
18,3,2015,22,396310,0,0,0,0,0,1,0,1
4,5,2015,11,397426,0,0,0,0,0,1,0,18
4,5,2015,12,397427,0,0,0,0,0,1,0,20
4,5,2015,13,397428,1,0,0,0.125,1,0.875,0,8
4,5,2015,14,397429,1,2,2,2.11111111111111,1,0,0,9
4,5,2015,15,397430,3,1,1,1.77777777777778,3,0,0,9
4,5,2015,16,397431,0,0,3,3,3,0,0,4
4,5,2015,17,397432,1,0,4,3.66666666666667,4,0,0,6
4,5,2015,18,397433,1,0,4,4.33333333333333,5,0,0,6
4,5,2015,19,397434,0,0,5,5,5,0,0,6
4,5,2015,20,397435,0,0,5,5,5,0,0,6
4,5,2015,21,397436,0,0,5,5,5,0,0,6
4,5,2015,22,397437,0,0,5,5,5,0,0,6
4,5,2015,23,397438,0,0,5,5,5,0,0,6
5,5,2015,0,397439,0,0,5,5,5,0,0,6
5,5,2015,1,397440,0,0,5,5,5,0,0,6
5,5,2015,2,397441,0,0,5,5,5,0,0,6
5,5,2015,3,397442,0,0,5,5,5,0,0,6
5,5,2015,4,397443,0,0,5,5,5,0,0,6
5,5,2015,5,397444,0,1,5,4.85714285714286,4,0,0,7
5,5,2015,6,397445,0,0,4,4,4,0,0,6
5,5,2015,7,397446,0,0,4,4,4,0,0,6
5,5,2015,8,397447,0,0,4,4,4,0,0,6
5,5,2015,9,397448,0,0,4,4,4,0,0,6
5,5,2015,10,397449,0,0,4,4,4,0,0,6
5,5,2015,11,397450,0,0,4,4,4,0,0,6
5,5,2015,12,397451,0,1,3,3.42857142857143,3,0,0,7
5,5,2015,13,397452,1,1,3,3.22222222222222,3,0,0,9
5,5,2015,14,397453,0,1,3,2.57142857142857,2,0,0,7
5,5,2015,15,397454,0,1,0,0.375,0,0.625,0,8
5,5,2015,16,397455,0,1,0,0.333333333333333,0,0.666666666666667,0,9
5,5,2015,17,397456,0,0,0,0,0,1,0,6
5,5,2015,18,397457,1,0,0.5,0.5,1,0.5,0,8
5,5,2015,19,397458,0,0,1,1,1,0,0,6
5,5,2015,20,397459,0,0,1,1,1,0,0,5
5,5,2015,21,397460,0,0,1,1,1,0,0,6
5,5,2015,22,397461,0,0,1,1,1,0,0,6
5,5,2015,23,397462,0,0,1,1,1,0,0,6
6,5,2015,0,397463,0,0,1,1,1,0,0,6
6,5,2015,1,397464,0,0,1,1,1,0,0,6
6,5,2015,2,397465,0,0,1,1,1,0,0,6
6,5,2015,3,397466,0,0,1,1,1,0,0,6
6,5,2015,4,397467,0,0,1,1,1,0,0,7
6,5,2015,5,397468,4,1,4.5,3.625,4,0,0,8
6,5,2015,6,397469,3,0,5,5.125,7,0,0,8
6,5,2015,7,397470,0,0,7,7,7,0,0,6
6,5,2015,8,397471,0,0,7,7,7,0,0,6
6,5,2015,9,397472,0,0,7,7,7,0,0,5
6,5,2015,10,397473,1,0,8,7.66666666666667,8,0,0,9
6,5,2015,11,397474,0,0,8,8,8,0,0,6
6,5,2015,12,397475,0,0,8,8,8,0,0,6
6,5,2015,13,397476,0,3,5,5.42857142857143,5,0,0,7
6,5,2015,14,397477,0,0,5,5,5,0,0,6
6,5,2015,15,397478,0,0,5,5,5,0,0,6
6,5,2015,16,397479,0,0,5,5,5,0,0,6
6,5,2015,17,397480,0,0,5,5,5,0,0,6
6,5,2015,18,397481,0,0,5,5,5,0,0,1
6,5,2015,19,397482,0,0,5,5,5,0,0,5
6,5,2015,20,397483,0,0,5,5,5,0,0,6
6,5,2015,21,397484,0,0,5,5,5,0,0,6
6,5,2015,22,397485,0,0,5,5,5,0,0,6
6,5,2015,23,397486,0,0,5,5,5,0,0,6
7,5,2015,0,397487,0,0,5,5,5,0,0,6
7,5,2015,1,397488,0,0,5,5,5,0,0,6
7,5,2015,2,397489,0,0,5,5,5,0,0,6
7,5,2015,3,397490,0,0,5,5,5,0,0,6
7,5,2015,4,397491,0,0,5,5,5,0,0,6
7,5,2015,5,397492,0,1,5,4.83333333333333,4,0,0,6
7,5,2015,6,397493,2,1,4,3.88888888888889,5,0,0,9
7,5,2015,7,397494,0,0,5,5,5,0,0,5
7,5,2015,8,397495,0,0,5,5,5,0,0,6
7,5,2015,9,397496,0,0,5,5,5,0,0,6
7,5,2015,10,397497,0,0,5,5,5,0,0,6
7,5,2015,11,397498,0,1,4,4.375,4,0,0,8
7,5,2015,12,397499,0,0,4,4,4,0,0,6
7,5,2015,13,397500,0,1,3,3.14285714285714,3,0,0,7
7,5,2015,14,397501,0,0,3,3,3,0,0,6
7,5,2015,15,397502,2,0,5,4.28571428571429,5,0,0,7
7,5,2015,16,397503,1,1,5,4.88888888888889,5,0,0,9
7,5,2015,17,397504,0,0,5,5,5,0,0,6
7,5,2015,18,397505,1,1,5,5.375,5,0,0,8
7,5,2015,19,397506,0,1,4,4.42857142857143,4,0,0,7
7,5,2015,20,397507,0,2,3.5,3.125,2,0,0,8
7,5,2015,21,397508,0,0,2,2,2,0,0,6
7,5,2015,22,397509,0,0,2,2,2,0,0,6
7,5,2015,23,397510,0,0,2,2,2,0,0,6
8,5,2015,0,397511,0,0,2,2,2,0,0,6
8,5,2015,1,397512,0,0,2,2,2,0,0,4
8,5,2015,2,397513,0,0,2,2,2,0,0,6
8,5,2015,3,397514,0,0,2,2,2,0,0,6
8,5,2015,4,397515,2,0,2,2.28571428571429,4,0,0,7
8,5,2015,5,397516,0,1,4,3.75,3,0,0,8
8,5,2015,6,397517,0,1,3,2.66666666666667,2,0,0,6
8,5,2015,7,397518,2,2,2,2,2,0,0,9
8,5,2015,8,397519,0,0,2,2,2,0,0,6
8,5,2015,9,397520,3,0,5,3.71428571428571,5,0,0,7
8,5,2015,10,397521,0,0,5,5,5,0,0,6
8,5,2015,11,397522,0,1,6,5.625,5,0,0,8
8,5,2015,12,397523,2,0,5.5,5.83333333333333,7,0,0,6
8,5,2015,13,397524,0,2,6,5.875,5,0,0,8
8,5,2015,14,397525,2,0,6.5,6.625,8,0,0,8
8,5,2015,15,397526,0,0,8,8,8,0,0,6
8,5,2015,16,397527,2,4,7,6.76923076923077,6,0,0,13
8,5,2015,17,397528,0,0,6,6,6,0,0,6
8,5,2015,18,397529,1,1,7,6.71428571428571,7,0,0,7
8,5,2015,19,397530,0,1,7,6.57142857142857,6,0,0,7
8,5,2015,20,397531,1,0,6,6.33333333333333,7,0,0,6
8,5,2015,21,397532,0,1,7,6.57142857142857,6,0,0,7
8,5,2015,22,397533,0,0,6,6,6,0,0,6
8,5,2015,23,397534,0,0,6,6,6,0,0,6
9,5,2015,0,397535,0,0,6,6,6,0,0,6
9,5,2015,1,397536,0,0,6,6,6,0,0,6
9,5,2015,2,397537,0,0,6,6,6,0,0,6
9,5,2015,3,397538,0,0,6,6,6,0,0,6
9,5,2015,4,397539,0,0,6,6,6,0,0,6
9,5,2015,5,397540,0,0,6,6,6,0,0,6
9,5,2015,6,397541,0,0,6,6,6,0,0,6
9,5,2015,7,397542,0,0,6,6,6,0,0,6
9,5,2015,8,397543,0,0,6,6,6,0,0,6
9,5,2015,9,397544,0,0,6,6,6,0,0,6
9,5,2015,10,397545,0,0,6,6,6,0,0,6
9,5,2015,11,397546,0,2,4,4.5,4,0,0,8
9,5,2015,12,397547,2,0,4,4.71428571428571,6,0,0,7
9,5,2015,13,397548,1,4,4,4.27272727272727,3,0,0,11
9,5,2015,14,397549,1,3,1,1.28571428571429,1,0.285714285714286,0,7
9,5,2015,15,397550,0,1,1,0.714285714285714,0,0.285714285714286,0,7
9,5,2015,16,397551,2,1,1,1,1,0.416666666666667,0,12
9,5,2015,17,397552,0,0,1,1,1,0,0,6
9,5,2015,18,397553,0,1,1,0.8,0,0.2,0,10
9,5,2015,19,397554,4,0,1,1.77777777777778,4,0.111111111111111,0,9
9,5,2015,20,397555,0,0,4,4,4,0,0,5
9,5,2015,21,397556,1,0,5,4.66666666666667,5,0,0,6
9,5,2015,22,397557,0,0,5,5,5,0,0,6
9,5,2015,23,397558,2,0,5,5.42857142857143,7,0,0,7
10,5,2015,0,397559,0,0,7,7,7,0,0,6
10,5,2015,1,397560,0,0,7,7,7,0,0,6
10,5,2015,2,397561,0,0,7,7,7,0,0,6
10,5,2015,3,397562,0,0,7,7,7,0,0,6
10,5,2015,4,397563,0,0,7,7,7,0,0,6
10,5,2015,5,397564,0,0,7,7,7,0,0,6
10,5,2015,6,397565,0,0,7,7,7,0,0,6
10,5,2015,7,397566,1,2,6,6,6,0,0,8
10,5,2015,8,397567,0,3,4,4.54545454545455,3,0,0,11
10,5,2015,9,397568,0,0,3,3,3,0,0,6
10,5,2015,10,397569,5,3,3,2.72727272727273,5,0.0909090909090909,0,11
10,5,2015,11,397570,0,0,5,5,5,0,0,6
10,5,2015,12,397571,2,0,5,5.42857142857143,7,0,0,7
10,5,2015,13,397572,1,3,6.5,6.1,5,0,0,10
10,5,2015,14,397573,0,0,5,5,5,0,0,7
10,5,2015,15,397574,0,1,5,4.75,4,0,0,8
10,5,2015,16,397575,0,0,4,4,4,0,0,6
10,5,2015,17,397576,0,2,3,2.85714285714286,2,0,0,7
10,5,2015,18,397577,0,0,2,2,2,0,0,7
10,5,2015,19,397578,1,0,2,2.14285714285714,3,0,0,7
10,5,2015,20,397579,0,0,3,3,3,0,0,6
10,5,2015,21,397580,0,0,3,3,3,0,0,6
10,5,2015,22,397581,0,0,3,3,3,0,0,6
10,5,2015,23,397582,0,0,3,3,3,0,0,6
11,5,2015,0,397583,0,0,3,3,3,0,0,6
11,5,2015,1,397584,0,0,3,3,3,0,0,6
11,5,2015,2,397585,0,0,3,3,3,0,0,6
11,5,2015,3,397586,0,0,3,3,3,0,0,6
11,5,2015,4,397587,3,0,3.5,4.25,6,0,0,8
11,5,2015,5,397588,0,1,6,5.75,5,0,0,8
11,5,2015,6,397589,0,0,4,4,4,0,0,6
11,5,2015,7,397590,0,2,2,2.85714285714286,2,0,0,7
11,5,2015,8,397591,0,0,2,2,2,0,0,6
11,5,2015,9,397592,0,0,2,2,2,0,0,6
11,5,2015,10,397593,3,0,5,4.25,5,0,0,8
11,5,2015,11,397594,1,1,5,5.16666666666667,5,0,0,6
11,5,2015,12,397595,0,0,5,5,5,0,0,7
11,5,2015,13,397596,0,0,5,5,5,0,0,6
11,5,2015,14,397597,1,1,5,5.14285714285714,5,0,0,7
11,5,2015,15,397598,0,0,4,4,4,0,0,6
11,5,2015,16,397599,2,2,4,4.1,4,0,0,10
11,5,2015,17,397600,7,1,8,7,10,0,0,9
11,5,2015,18,397601,2,0,10,10.6666666666667,12,0,0,6
11,5,2015,19,397602,2,0,14,13.6666666666667,14,0,0,6
11,5,2015,20,397603,0,0,14,14,14,0,0,6
11,5,2015,21,397604,0,0,14,14,14,0,0,6
11,5,2015,22,397605,0,0,14,14,14,0,0,6
11,5,2015,23,397606,0,0,14,14,14,0,0,6
12,5,2015,0,397607,0,0,14,14,14,0,0,6
12,5,2015,1,397608,0,0,14,14,14,0,0,6
12,5,2015,2,397609,0,0,14,14,14,0,0,6
12,5,2015,3,397610,0,0,14,14,14,0,0,6
12,5,2015,4,397611,0,7,14,12,7,0,0,7
12,5,2015,5,397612,0,1,7,6.75,6,0,0,8
12,5,2015,6,397613,1,1,6,6.16666666666667,6,0,0,6
12,5,2015,7,397614,1,1,6,6.42857142857143,6,0,0,7
12,5,2015,8,397615,0,0,6,6,6,0,0,6
12,5,2015,9,397616,0,2,4,4.75,4,0,0,8
12,5,2015,10,397617,0,0,4,4,4,0,0,6
12,5,2015,11,397618,0,1,3,3.33333333333333,3,0,0,6
12,5,2015,12,397619,4,0,3,4.33333333333333,7,0,0,9
12,5,2015,13,397620,0,0,7,7,7,0,0,6
12,5,2015,14,397621,4,0,11,10,11,0,0,8
12,5,2015,15,397622,4,2,11.5,11.5,13,0,0,12
12,5,2015,16,397623,1,5,11,11,9,0,0,12
12,5,2015,17,397624,1,3,9,8.58333333333333,7,0,0,12
12,5,2015,18,397625,2,0,8,7.85714285714286,9,0,0,7
12,5,2015,19,397626,0,0,12,12,12,0,0,6
12,5,2015,20,397627,0,0,12,12,12,0,0,6
12,5,2015,21,397628,1,0,13,12.7777777777778,13,0,0,9
12,5,2015,22,397629,0,0,13,13,13,0,0,6
12,5,2015,23,397630,0,0,13,13,13,0,0,6
13,5,2015,0,397631,0,0,13,13,13,0,0,6
13,5,2015,1,397632,0,0,13,13,13,0,0,6
13,5,2015,2,397633,0,0,13,13,13,0,0,6
13,5,2015,3,397634,0,0,13,13,13,0,0,6
13,5,2015,4,397635,0,0,13,13,13,0,0,6
13,5,2015,5,397636,0,0,13,13,13,0,0,6
13,5,2015,6,397637,0,0,13,13,13,0,0,6
13,5,2015,7,397638,2,1,13,13.3846153846154,14,0,0,13
13,5,2015,8,397639,0,0,14,14,14,0,0,6
13,5,2015,9,397640,0,0,14,14,14,0,0,6
13,5,2015,10,397641,0,0,14,14,14,0,0,6
13,5,2015,11,397642,0,0,14,14,14,0,0,2
13,5,2015,12,397643,0,0,13,13,13,0,0,5
13,5,2015,13,397644,0,0,13,13,13,0,0,6
13,5,2015,14,397645,0,0,13,13,13,0,0,6
13,5,2015,15,397646,2,0,14,13.7142857142857,15,0,0,7
13,5,2015,16,397647,2,1,16,15.6,16,0,0,5
13,5,2015,17,397648,0,0,16,16,16,0,0,7
13,5,2015,18,397649,0,1,15,15.2857142857143,15,0,0,7
13,5,2015,19,397650,0,0,15,15,15,0,0,6
13,5,2015,20,397651,0,0,15,15,15,0,0,6
13,5,2015,21,397652,0,0,15,15,15,0,0,6
13,5,2015,22,397653,0,0,15,15,15,0,0,6
13,5,2015,23,397654,0,0,15,15,15,0,0,6
14,5,2015,0,397655,0,0,15,15,15,0,0,6
14,5,2015,1,397656,0,0,15,15,15,0,0,6
14,5,2015,2,397657,0,0,15,15,15,0,0,6
14,5,2015,3,397658,0,0,15,15,15,0,0,5
14,5,2015,4,397659,0,0,15,15,15,0,0,6
14,5,2015,5,397660,0,0,15,15,15,0,0,6
14,5,2015,6,397661,1,0,15,15.3333333333333,16,0,0,3
14,5,2015,7,397662,0,0,16,16,16,0,0,6
14,5,2015,8,397663,1,8,16,14.625,9,0,0,8
14,5,2015,9,397664,0,0,9,9,9,0,0,6
14,5,2015,10,397665,0,2,7,7.42857142857143,7,0,0,7
14,5,2015,11,397666,2,2,7,7.4,7,0,0,5
14,5,2015,12,397667,0,0,7,7,7,0,0,6
14,5,2015,13,397668,0,0,7,7,7,0,0,6
14,5,2015,14,397669,0,0,7,7,7,0,0,5
14,5,2015,15,397670,0,0,7,7,7,0,0,6
14,5,2015,16,397671,2,0,8,8,9,0,0,7
14,5,2015,17,397672,0,2,7,7.4,7,0,0,5
14,5,2015,18,397673,0,0,6,6,6,0,0,6
14,5,2015,19,397674,4,2,8,8,8,0,0,9
14,5,2015,20,397675,0,0,8,8,8,0,0,6
14,5,2015,21,397676,0,0,8,8,8,0,0,6
14,5,2015,22,397677,0,0,8,8,8,0,0,6
14,5,2015,23,397678,1,0,9,8.66666666666667,9,0,0,6
15,5,2015,0,397679,0,0,9,9,9,0,0,6
15,5,2015,1,397680,0,0,9,9,9,0,0,6
15,5,2015,2,397681,0,0,9,9,9,0,0,6
15,5,2015,3,397682,0,0,9,9,9,0,0,6
15,5,2015,4,397683,0,0,9,9,9,0,0,5
15,5,2015,5,397684,0,2,8,8.16666666666667,7,0,0,6
15,5,2015,6,397685,1,0,8,7.66666666666667,8,0,0,6
15,5,2015,7,397686,0,1,8,7.83333333333333,7,0,0,6
15,5,2015,8,397687,0,0,7,7,7,0,0,6
15,5,2015,9,397688,0,0,7,7,7,0,0,6
15,5,2015,10,397689,1,0,7.5,7.5,8,0,0,6
15,5,2015,11,397690,0,1,7,7.16666666666667,7,0,0,6
15,5,2015,12,397691,0,0,7,7,7,0,0,6
15,5,2015,13,397692,1,1,7,7.28571428571429,7,0,0,7
15,5,2015,14,397693,3,0,8,8.57142857142857,10,0,0,7
15,5,2015,15,397694,0,0,11,11,11,0,0,5
15,5,2015,16,397695,0,1,11,10.7142857142857,10,0,0,7
15,5,2015,17,397696,3,0,11.5,11.25,13,0,0,8
15,5,2015,18,397697,0,1,12,12.3333333333333,12,0,0,6
15,5,2015,19,397698,0,1,12,11.6666666666667,11,0,0,6
15,5,2015,20,397699,0,0,11,11,11,0,0,6
15,5,2015,21,397700,0,0,11,11,11,0,0,6
15,5,2015,22,397701,0,0,11,11,11,0,0,6
15,5,2015,23,397702,0,0,11,11,11,0,0,6
16,5,2015,0,397703,0,0,11,11,11,0,0,6
16,5,2015,1,397704,1,0,12,11.6666666666667,12,0,0,6
16,5,2015,2,397705,0,0,12,12,12,0,0,6
16,5,2015,3,397706,0,0,12,12,12,0,0,6
16,5,2015,4,397707,0,0,12,12,12,0,0,5
16,5,2015,5,397708,0,0,12,12,12,0,0,6
16,5,2015,6,397709,0,1,11,11.3333333333333,11,0,0,6
16,5,2015,7,397710,0,0,11,11,11,0,0,6
16,5,2015,8,397711,0,0,11,11,11,0,0,6
16,5,2015,9,397712,0,0,11,11,11,0,0,6
16,5,2015,10,397713,0,0,11,11,11,0,0,6
16,5,2015,11,397714,0,0,11,11,11,0,0,6
16,5,2015,12,397715,0,0,11,11,11,0,0,6
16,5,2015,13,397716,0,0,11,11,11,0,0,6
16,5,2015,14,397717,0,0,10,10,10,0,0,6
16,5,2015,15,397718,1,0,10.5,10.5,11,0,0,6
16,5,2015,16,397719,0,0,11,11,11,0,0,6
16,5,2015,17,397720,0,0,11,11,11,0,0,6
16,5,2015,18,397721,0,0,11,11,11,0,0,6
16,5,2015,19,397722,0,0,11,11,11,0,0,6
16,5,2015,20,397723,0,0,11,11,11,0,0,6
16,5,2015,21,397724,0,0,11,11,11,0,0,6
16,5,2015,22,397725,0,0,11,11,11,0,0,6
16,5,2015,23,397726,0,0,11,11,11,0,0,6
17,5,2015,0,397727,0,0,11,11,11,0,0,5
17,5,2015,1,397728,0,0,11,11,11,0,0,6
17,5,2015,2,397729,0,0,11,11,11,0,0,6
17,5,2015,3,397730,0,0,11,11,11,0,0,6
17,5,2015,4,397731,0,0,11,11,11,0,0,7
17,5,2015,5,397732,0,0,11,11,11,0,0,6
17,5,2015,6,397733,0,0,11,11,11,0,0,6
17,5,2015,7,397734,0,0,11,11,11,0,0,6
17,5,2015,8,397735,0,0,11,11,11,0,0,6
17,5,2015,9,397736,0,0,10,10,10,0,0,6
17,5,2015,10,397737,0,4,6,7.57142857142857,6,0,0,7
17,5,2015,11,397738,0,0,10,10,10,0,0,6
17,5,2015,12,397739,0,1,9,9.33333333333333,9,0,0,6
17,5,2015,13,397740,0,0,9,9,9,0,0,6
17,5,2015,14,397741,0,1,8,8.28571428571429,8,0,0,7
17,5,2015,15,397742,0,2,5,5.57142857142857,5,0,0,7
17,5,2015,16,397743,0,0,5,5,5,0,0,6
17,5,2015,17,397744,0,0,5,5,5,0,0,6
17,5,2015,18,397745,0,2,3,3.33333333333333,3,0,0,6
17,5,2015,19,397746,1,1,3,2.71428571428571,3,0,0,7
17,5,2015,20,397747,2,0,5,4.66666666666667,5,0,0,6
17,5,2015,21,397748,0,0,5,5,5,0,0,6
17,5,2015,22,397749,0,0,5,5,5,0,0,5
17,5,2015,23,397750,0,0,5,5,5,0,0,6
18,5,2015,0,397751,0,0,5,5,5,0,0,5
18,5,2015,1,397752,0,0,5,5,5,0,0,6
18,5,2015,2,397753,0,0,5,5,5,0,0,6
18,5,2015,3,397754,0,0,5,5,5,0,0,6
18,5,2015,4,397755,0,0,5,5,5,0,0,7
18,5,2015,5,397756,0,0,5,5,5,0,0,6
18,5,2015,6,397757,0,1,4,4.16666666666667,4,0,0,6
18,5,2015,7,397758,0,1,3,3.33333333333333,3,0,0,6
18,5,2015,8,397759,1,0,4,3.8,4,0,0,5
18,5,2015,9,397760,0,0,4,4,4,0,0,6
18,5,2015,10,397761,3,2,4,3.88888888888889,5,0,0,9
18,5,2015,11,397762,0,0,4,4,4,0,0,5
18,5,2015,12,397763,1,1,4,3.71428571428571,4,0,0,7
18,5,2015,13,397764,0,0,4,4,4,0,0,6
18,5,2015,14,397765,1,0,4,4.16666666666667,5,0,0,6
18,5,2015,15,397766,1,0,6,5.66666666666667,6,0,0,6
18,5,2015,16,397767,1,1,6,5.85714285714286,6,0,0,7
18,5,2015,17,397768,2,3,4,4.14285714285714,4,0,0,7
18,5,2015,18,397769,0,0,5,5,5,0,0,6
18,5,2015,19,397770,0,0,10,10,10,0,0,6
18,5,2015,20,397771,0,0,10,10,10,0,0,6
18,5,2015,21,397772,0,0,10,10,10,0,0,6
18,5,2015,22,397773,0,0,10,10,10,0,0,6
18,5,2015,23,397774,0,0,10,10,10,0,0,6
19,5,2015,0,397775,0,0,10,10,10,0,0,6
19,5,2015,1,397776,0,0,10,10,10,0,0,6
19,5,2015,2,397777,0,0,10,10,10,0,0,6
19,5,2015,3,397778,0,0,10,10,10,0,0,6
19,5,2015,4,397779,0,0,10,10,10,0,0,6
19,5,2015,5,397780,0,0,10,10,10,0,0,6
19,5,2015,6,397781,0,2,9,9,8,0,0,6
19,5,2015,7,397782,0,0,8,8,8,0,0,6
19,5,2015,8,397783,0,0,8,8,8,0,0,6
19,5,2015,9,397784,2,0,8,8.57142857142857,10,0,0,7
19,5,2015,10,397785,1,0,10,10.3333333333333,11,0,0,6
19,5,2015,11,397786,0,0,11,11,11,0,0,6
19,5,2015,12,397787,0,0,11,11,11,0,0,6
19,5,2015,13,397788,0,0,11,11,11,0,0,6
19,5,2015,14,397789,0,1,10,10.3333333333333,10,0,0,6
19,5,2015,15,397790,1,2,9,9.71428571428571,9,0,0,7
19,5,2015,16,397791,1,2,9,9,9,0,0,6
19,5,2015,17,397792,0,1,8,8.33333333333333,8,0,0,6
19,5,2015,18,397793,0,1,7,7.28571428571429,7,0,0,7
19,5,2015,19,397794,0,1,4,4.33333333333333,4,0,0,6
19,5,2015,20,397795,0,0,4,4,4,0,0,6
19,5,2015,21,397796,0,0,4,4,4,0,0,6
19,5,2015,22,397797,0,0,4,4,4,0,0,6
19,5,2015,23,397798,0,0,4,4,4,0,0,4
20,5,2015,0,397799,0,0,4,4,4,0,0,6
20,5,2015,1,397800,0,0,4,4,4,0,0,6
20,5,2015,2,397801,0,0,4,4,4,0,0,6
20,5,2015,3,397802,0,0,4,4,4,0,0,6
20,5,2015,4,397803,0,0,4,4,4,0,0,6
20,5,2015,5,397804,6,0,10,8,10,0,0,7
20,5,2015,6,397805,2,0,12,11.4285714285714,12,0,0,7
20,5,2015,7,397806,0,0,12,12,12,0,0,6
20,5,2015,8,397807,0,0,12,12,12,0,0,6
20,5,2015,9,397808,0,1,12,11.5714285714286,11,0,0,7
20,5,2015,10,397809,0,0,11,11,11,0,0,6
20,5,2015,11,397810,0,0,11,11,11,0,0,6
20,5,2015,12,397811,0,0,11,11,11,0,0,6
20,5,2015,13,397812,0,0,11,11,11,0,0,6
20,5,2015,14,397813,0,0,11,11,11,0,0,6
20,5,2015,15,397814,2,2,11,10.625,11,0,0,8
20,5,2015,16,397815,0,2,11,10.3333333333333,9,0,0,6
20,5,2015,17,397816,0,0,9,9,9,0,0,6
20,5,2015,18,397817,1,0,9,9.33333333333333,10,0,0,6
20,5,2015,19,397818,0,1,10,9.66666666666667,9,0,0,6
20,5,2015,20,397819,0,0,9,9,9,0,0,6
20,5,2015,21,397820,0,0,9,9,9,0,0,6
20,5,2015,22,397821,0,0,9,9,9,0,0,5
20,5,2015,23,397822,0,0,9,9,9,0,0,6
21,5,2015,0,397823,0,0,9,9,9,0,0,6
21,5,2015,1,397824,0,0,9,9,9,0,0,6
21,5,2015,2,397825,0,0,9,9,9,0,0,6
21,5,2015,3,397826,0,0,9,9,9,0,0,6
21,5,2015,4,397827,0,0,9,9,9,0,0,6
21,5,2015,5,397828,0,0,9,9,9,0,0,6
21,5,2015,6,397829,2,2,9,8.71428571428571,9,0,0,7
21,5,2015,7,397830,0,2,8.5,8.625,8,0,0,8
21,5,2015,8,397831,0,0,8,8,8,0,0,6
21,5,2015,9,397832,0,0,8,8,8,0,0,5
21,5,2015,10,397833,2,2,7,7,8,0,0,8
21,5,2015,11,397834,0,1,7,7.16666666666667,7,0,0,6
21,5,2015,12,397835,1,1,7,6.85714285714286,7,0,0,7
21,5,2015,13,397836,0,0,7,7,7,0,0,6
21,5,2015,14,397837,0,1,7,6.83333333333333,6,0,0,6
21,5,2015,15,397838,2,3,5,4.77777777777778,5,0,0,9
21,5,2015,16,397839,1,2,5,4.5,4,0,0,6
21,5,2015,17,397840,1,0,5,5.33333333333333,6,0,0,6
21,5,2015,18,397841,0,1,5,5.33333333333333,5,0,0,6
21,5,2015,19,397842,0,0,5,5,5,0,0,6
21,5,2015,20,397843,0,1,4,4.42857142857143,4,0,0,7
21,5,2015,21,397844,0,0,5,5,5,0,0,5
21,5,2015,22,397845,0,0,5,5,5,0,0,6
21,5,2015,23,397846,0,0,5,5,5,0,0,6
22,5,2015,0,397847,0,0,5,5,5,0,0,6
22,5,2015,1,397848,0,0,5,5,5,0,0,6
22,5,2015,2,397849,0,0,5,5,5,0,0,6
22,5,2015,3,397850,0,0,5,5,5,0,0,6
22,5,2015,4,397851,0,0,5,5,5,0,0,6
22,5,2015,5,397852,0,0,5,5,5,0,0,6
22,5,2015,6,397853,1,0,7,6.66666666666667,7,0,0,6
22,5,2015,7,397854,0,0,7,7,7,0,0,6
22,5,2015,8,397855,0,0,7,7,7,0,0,6
22,5,2015,9,397856,0,0,6,6,6,0,0,6
22,5,2015,10,397857,0,0,6,6,6,0,0,6
22,5,2015,11,397858,0,1,6,5.83333333333333,5,0,0,6
22,5,2015,12,397859,0,0,5,5,5,0,0,6
22,5,2015,13,397860,0,0,5,5,5,0,0,6
22,5,2015,14,397861,1,1,5,4.75,5,0,0,8
22,5,2015,15,397862,6,2,9,8.83333333333333,9,0,0,6
22,5,2015,16,397863,1,1,8,8.42857142857143,8,0,0,7
22,5,2015,17,397864,0,2,7,6.875,6,0,0,8
22,5,2015,18,397865,0,2,6,5.33333333333333,4,0,0,6
22,5,2015,19,397866,2,0,6,5.42857142857143,6,0,0,7
22,5,2015,20,397867,0,0,6,6,6,0,0,6
22,5,2015,21,397868,0,0,6,6,6,0,0,6
22,5,2015,22,397869,0,0,6,6,6,0,0,6
22,5,2015,23,397870,0,0,6,6,6,0,0,6
23,5,2015,0,397871,0,0,6,6,6,0,0,6
23,5,2015,1,397872,0,0,6,6,6,0,0,6
23,5,2015,2,397873,0,0,6,6,6,0,0,6
23,5,2015,3,397874,0,0,6,6,6,0,0,5
23,5,2015,4,397875,0,0,6,6,6,0,0,6
23,5,2015,5,397876,0,0,6,6,6,0,0,6
23,5,2015,6,397877,0,0,6,6,6,0,0,6
23,5,2015,7,397878,0,0,6,6,6,0,0,6
23,5,2015,8,397879,0,1,6,6.14285714285714,6,0,0,7
23,5,2015,9,397880,0,0,6,6,6,0,0,6
23,5,2015,10,397881,0,1,6,5.83333333333333,5,0,0,6
23,5,2015,11,397882,0,0,5,5,5,0,0,6
23,5,2015,12,397883,0,0,5,5,5,0,0,6
23,5,2015,13,397884,0,0,5,5,5,0,0,6
23,5,2015,14,397885,0,0,5,5,5,0,0,6
23,5,2015,15,397886,0,0,5,5,5,0,0,6
23,5,2015,16,397887,0,0,5,5,5,0,0,6
23,5,2015,17,397888,0,0,5,5,5,0,0,5
23,5,2015,18,397889,0,1,5,4.625,4,0,0,8
23,5,2015,19,397890,1,1,4,4.42857142857143,4,0,0,7
23,5,2015,20,397891,0,2,4,3.33333333333333,2,0,0,6
23,5,2015,21,397892,0,0,2,2,2,0,0,6
23,5,2015,22,397893,1,0,2,2.16666666666667,3,0,0,6
23,5,2015,23,397894,0,0,3,3,3,0,0,6
24,5,2015,0,397895,0,0,3,3,3,0,0,6
24,5,2015,1,397896,0,0,3,3,3,0,0,6
24,5,2015,2,397897,0,0,3,3,3,0,0,6
24,5,2015,3,397898,0,0,3,3,3,0,0,6
24,5,2015,4,397899,0,0,3,3,3,0,0,6
24,5,2015,5,397900,0,0,3,3,3,0,0,6
24,5,2015,6,397901,2,0,4,4,5,0,0,6
24,5,2015,7,397902,1,0,5,5.33333333333333,6,0,0,6
24,5,2015,8,397903,1,1,6,6.14285714285714,6,0,0,7
24,5,2015,9,397904,0,2,6,5.66666666666667,4,0,0,6
24,5,2015,10,397905,1,0,4,4.16666666666667,5,0,0,6
24,5,2015,11,397906,1,2,3,3.71428571428571,4,0,0,7
24,5,2015,12,397907,2,2,4,4,4,0,0,7
24,5,2015,13,397908,1,1,4,4.14285714285714,4,0,0,7
24,5,2015,14,397909,0,3,1,1.57142857142857,1,0,0,7
24,5,2015,15,397910,0,1,0,0.333333333333333,0,0.666666666666667,0,6
24,5,2015,16,397911,0,0,2,2,2,0,0,6
24,5,2015,17,397912,0,2,0,0.666666666666667,0,0.666666666666667,0,6
24,5,2015,18,397913,0,0,0,0,0,1,0,6
24,5,2015,19,397914,0,0,0,0,0,1,0,6
24,5,2015,20,397915,0,0,0,0,0,1,0,6
24,5,2015,21,397916,0,0,0,0,0,1,0,4
24,5,2015,22,397917,0,0,1,1,1,0,0,6
24,5,2015,23,397918,0,0,1,1,1,0,0,5
25,5,2015,0,397919,0,0,1,1,1,0,0,6
25,5,2015,1,397920,0,0,1,1,1,0,0,6
25,5,2015,2,397921,0,0,1,1,1,0,0,6
25,5,2015,3,397922,0,0,1,1,1,0,0,6
25,5,2015,4,397923,0,0,1,1,1,0,0,5
25,5,2015,5,397924,9,0,1,2.5,10,0,0,6
25,5,2015,6,397925,1,2,10,9.28571428571429,9,0,0,7
25,5,2015,7,397926,1,2,9,8.28571428571429,8,0,0,7
25,5,2015,8,397927,0,0,7,7,7,0,0,7
25,5,2015,9,397928,0,0,7,7,7,0,0,6
25,5,2015,10,397929,1,1,7,6.71428571428571,7,0,0,7
25,5,2015,11,397930,0,3,5,5.57142857142857,4,0,0,7
25,5,2015,12,397931,3,0,5,5,7,0,0,8
25,5,2015,13,397932,0,3,5,6.28571428571429,5,0,0,7
25,5,2015,14,397933,1,0,5,5.16666666666667,6,0,0,6
25,5,2015,15,397934,5,3,6.5,6.75,8,0,0,8
25,5,2015,16,397935,2,2,7,7.42857142857143,7,0,0,7
25,5,2015,17,397936,0,1,6,6.33333333333333,6,0,0,6
25,5,2015,18,397937,1,0,6.5,6.5,7,0,0,6
25,5,2015,19,397938,0,2,7,6.42857142857143,5,0,0,7
25,5,2015,20,397939,2,0,7,6.33333333333333,7,0,0,6
25,5,2015,21,397940,0,0,7,7,7,0,0,6
25,5,2015,22,397941,0,0,7,7,7,0,0,6
25,5,2015,23,397942,0,0,7,7,7,0,0,6
26,5,2015,0,397943,0,0,7,7,7,0,0,6
26,5,2015,1,397944,0,0,7,7,7,0,0,5
26,5,2015,2,397945,0,0,7,7,7,0,0,6
26,5,2015,3,397946,0,0,7,7,7,0,0,6
26,5,2015,4,397947,0,0,7,7,7,0,0,6
26,5,2015,5,397948,0,0,7,7,7,0,0,6
26,5,2015,6,397949,1,1,6,6.14285714285714,6,0,0,7
26,5,2015,7,397950,0,0,6,6,6,0,0,6
26,5,2015,8,397951,0,0,6,6,6,0,0,6
26,5,2015,9,397952,0,1,6,5.66666666666667,5,0,0,6
26,5,2015,10,397953,0,2,3,3.33333333333333,3,0,0,6
26,5,2015,11,397954,3,1,5.5,5.25,7,0,0,8
26,5,2015,12,397955,0,1,8,7.83333333333333,7,0,0,6
26,5,2015,13,397956,0,1,6,6.42857142857143,6,0,0,7
26,5,2015,14,397957,3,0,6,6.85714285714286,9,0,0,7
26,5,2015,15,397958,1,3,9,9,8,0,0,8
26,5,2015,16,397959,2,3,10,9.625,8,0,0,8
26,5,2015,17,397960,0,0,8,8,8,0,0,6
26,5,2015,18,397961,0,1,8,7.57142857142857,7,0,0,7
26,5,2015,19,397962,0,0,7,7,7,0,0,6
26,5,2015,20,397963,0,0,7,7,7,0,0,6
26,5,2015,21,397964,0,0,7,7,7,0,0,6
26,5,2015,22,397965,0,0,7,7,7,0,0,6
26,5,2015,23,397966,0,0,7,7,7,0,0,6
27,5,2015,0,397967,0,0,7,7,7,0,0,6
27,5,2015,1,397968,0,0,7,7,7,0,0,5
27,5,2015,2,397969,0,0,7,7,7,0,0,6
27,5,2015,3,397970,0,0,7,7,7,0,0,6
27,5,2015,4,397971,0,0,7,7,7,0,0,6
27,5,2015,5,397972,0,0,7,7,7,0,0,5
27,5,2015,6,397973,0,0,7,7,7,0,0,6
27,5,2015,7,397974,0,0,7,7,7,0,0,6
27,5,2015,8,397975,0,0,7,7,7,0,0,6
27,5,2015,9,397976,0,0,7,7,7,0,0,6
27,5,2015,10,397977,0,0,7,7,7,0,0,6
27,5,2015,12,397979,0,0,7,7,7,0,0,2
27,5,2015,13,397980,0,0,7,7,7,0,0,6
27,5,2015,14,397981,0,0,7,7,7,0,0,6
27,5,2015,15,397982,0,0,7,7,7,0,0,6
27,5,2015,16,397983,0,1,7,6.71428571428571,6,0,0,7
27,5,2015,17,397984,3,0,6,6.5,9,0,0,6
27,5,2015,18,397985,0,0,9,9,9,0,0,6
27,5,2015,19,397986,0,0,9,9,9,0,0,6
27,5,2015,20,397987,0,0,9,9,9,0,0,6
27,5,2015,21,397988,0,0,9,9,9,0,0,6
27,5,2015,22,397989,0,0,9,9,9,0,0,6
27,5,2015,23,397990,0,0,9,9,9,0,0,6
28,5,2015,0,397991,0,0,9,9,9,0,0,4
28,5,2015,1,397992,0,0,9,9,9,0,0,6
28,5,2015,2,397993,0,0,9,9,9,0,0,6
28,5,2015,3,397994,0,0,9,9,9,0,0,6
28,5,2015,4,397995,0,0,9,9,9,0,0,6
28,5,2015,5,397996,0,0,9,9,9,0,0,6
28,5,2015,6,397997,2,2,8,8.375,9,0,0,8
28,5,2015,7,397998,0,1,9,8.66666666666667,8,0,0,6
28,5,2015,8,397999,0,1,7,7.33333333333333,7,0,0,6
28,5,2015,9,398000,1,0,7,7.16666666666667,8,0,0,6
28,5,2015,10,398001,2,2,8,7.28571428571429,8,0,0,7
28,5,2015,12,398003,0,2,7,7,6,0,0,9
28,5,2015,13,398004,0,0,6,6,6,0,0,5
28,5,2015,14,398005,0,2,5,5,4,0,0,7
28,5,2015,15,398006,4,2,5,5.125,7,0,0,8
28,5,2015,16,398007,2,5,4.5,4.75,4,0,0,8
28,5,2015,17,398008,2,1,4,4,5,0,0,8
28,5,2015,18,398009,0,0,4,4,4,0,0,5
28,5,2015,19,398010,0,0,4,4,4,0,0,6
28,5,2015,20,398011,0,0,4,4,4,0,0,6
28,5,2015,21,398012,0,0,4,4,4,0,0,6
28,5,2015,22,398013,0,0,4,4,4,0,0,6
28,5,2015,23,398014,0,0,4,4,4,0,0,6
29,5,2015,0,398015,0,0,4,4,4,0,0,6
29,5,2015,1,398016,0,0,4,4,4,0,0,6
29,5,2015,2,398017,0,0,4,4,4,0,0,6
29,5,2015,3,398018,0,0,4,4,4,0,0,6
29,5,2015,4,398019,2,0,4,4.85714285714286,6,0,0,7
29,5,2015,5,398020,1,0,6.5,6.5,7,0,0,6
29,5,2015,6,398021,1,1,7,7.16666666666667,7,0,0,6
29,5,2015,7,398022,0,1,5,5.33333333333333,5,0,0,6
29,5,2015,8,398023,2,0,6,5.83333333333333,7,0,0,6
29,5,2015,9,398024,1,1,7,7.125,7,0,0,8
29,5,2015,10,398025,1,0,6,5.83333333333333,6,0,0,6
29,5,2015,11,398026,0,0,6,6,6,0,0,6
29,5,2015,12,398027,0,0,6,6,6,0,0,6
29,5,2015,13,398028,0,1,5.5,5.5,5,0,0,6
29,5,2015,14,398029,1,0,7,6.66666666666667,7,0,0,6
29,5,2015,15,398030,0,3,6,5.75,4,0,0,8
29,5,2015,16,398031,2,3,4,4.33333333333333,3,0,0,6
29,5,2015,17,398032,5,1,4,4.25,7,0,0,8
29,5,2015,18,398033,0,1,6,6.42857142857143,6,0,0,7
29,5,2015,19,398034,0,0,6,6,6,0,0,6
29,5,2015,20,398035,0,0,6,6,6,0,0,6
29,5,2015,21,398036,0,1,5.5,5.5,5,0,0,6
29,5,2015,22,398037,4,0,5,6.57142857142857,9,0,0,7
29,5,2015,23,398038,1,0,10,9.6,10,0,0,5
30,5,2015,0,398039,0,0,10,10,10,0,0,6
30,5,2015,1,398040,0,0,10,10,10,0,0,6
30,5,2015,2,398041,0,0,10,10,10,0,0,6
30,5,2015,3,398042,0,0,10,10,10,0,0,6
30,5,2015,4,398043,0,0,10,10,10,0,0,6
30,5,2015,5,398044,2,0,12,11.2857142857143,12,0,0,7
30,5,2015,6,398045,0,0,12,12,12,0,0,6
30,5,2015,7,398046,0,0,12,12,12,0,0,6
30,5,2015,8,398047,1,0,13,12.8571428571429,13,0,0,7
30,5,2015,9,398048,0,0,13,13,13,0,0,6
30,5,2015,10,398049,3,0,13,13.7142857142857,16,0,0,7
30,5,2015,11,398050,0,2,15.5,15.1666666666667,14,0,0,6
30,5,2015,12,398051,1,2,14,13.5,13,0,0,6
30,5,2015,13,398052,0,0,12,12,12,0,0,6
30,5,2015,14,398053,3,2,8,8.83333333333333,11,0,0,6
30,5,2015,15,398054,0,2,11,10.3333333333333,9,0,0,6
30,5,2015,16,398055,2,5,6,6.5,6,0,0,6
30,5,2015,17,398056,0,1,6,5.8,5,0,0,5
30,5,2015,18,398057,2,2,4,4.28571428571429,4,0,0,7
30,5,2015,19,398058,0,0,4,4,4,0,0,6
30,5,2015,20,398059,1,0,5,4.66666666666667,5,0,0,6
30,5,2015,21,398060,0,0,5,5,5,0,0,6
30,5,2015,22,398061,0,1,4,3.57142857142857,3,0,0,7
30,5,2015,23,398062,1,0,4,3.83333333333333,4,0,0,6
31,5,2015,0,398063,0,0,4,4,4,0,0,6
31,5,2015,1,398064,0,0,4,4,4,0,0,6
31,5,2015,2,398065,0,0,4,4,4,0,0,6
31,5,2015,3,398066,1,0,4,4.16666666666667,5,0,0,6
31,5,2015,4,398067,0,0,5,5,5,0,0,6
31,5,2015,5,398068,0,0,5,5,5,0,0,6
31,5,2015,6,398069,0,0,5,5,5,0,0,6
31,5,2015,7,398070,0,0,5,5,5,0,0,6
31,5,2015,8,398071,0,1,4,4.33333333333333,4,0,0,6
31,5,2015,9,398072,6,0,10,7.71428571428571,10,0,0,7
31,5,2015,10,398073,0,4,9,9,7,0,0,6
31,5,2015,11,398074,3,0,9,8.71428571428571,10,0,0,7
31,5,2015,12,398075,5,0,14,13.1666666666667,15,0,0,6
31,5,2015,13,398076,0,6,10.5,11.5,9,0,0,6
31,5,2015,14,398077,2,3,10,9.85714285714286,9,0,0,7
31,5,2015,15,398078,1,3,9,8.75,7,0,0,8
31,5,2015,16,398079,0,1,7,6.71428571428571,6,0,0,7
31,5,2015,17,398080,2,2,6,6.4,6,0,0,5
31,5,2015,18,398081,2,0,8,7.14285714285714,8,0,0,7
31,5,2015,19,398082,2,2,7.5,7.16666666666667,8,0,0,6
31,5,2015,20,398083,2,0,8,8.28571428571429,10,0,0,7
31,5,2015,21,398084,0,0,10,10,10,0,0,6
31,5,2015,22,398085,0,0,10,10,10,0,0,6
31,5,2015,23,398086,0,0,10,10,10,0,0,6
1,6,2015,0,398087,0,0,10,10,10,0,0,6
1,6,2015,1,398088,0,0,10,10,10,0,0,6
1,6,2015,2,398089,0,0,10,10,10,0,0,5
1,6,2015,3,398090,0,0,10,10,10,0,0,6
1,6,2015,4,398091,0,0,10,10,10,0,0,6
1,6,2015,5,398092,0,1,10,9.83333333333333,9,0,0,6
1,6,2015,6,398093,2,3,7,6.5,7,0,0,8
1,6,2015,7,398094,0,0,7,7,7,0,0,6
1,6,2015,8,398095,0,0,7,7,7,0,0,6
1,6,2015,9,398096,1,0,7,7.16666666666667,8,0,0,6
1,6,2015,10,398097,2,3,7,7.25,7,0,0,8
1,6,2015,11,398098,1,1,8,7.57142857142857,8,0,0,7
1,6,2015,12,398099,1,2,8,8,7,0,0,7
1,6,2015,13,398100,0,0,7,7,7,0,0,5
1,6,2015,14,398101,0,1,6,6.42857142857143,6,0,0,7
1,6,2015,15,398102,2,3,7,7.125,7,0,0,8
1,6,2015,16,398103,1,3,5,5,4,0,0,7
1,6,2015,17,398104,0,2,3,3,2,0,0,6
1,6,2015,18,398105,8,2,2,3.57142857142857,8,0,0,7
1,6,2015,19,398106,0,0,8,8,8,0,0,6
1,6,2015,20,398107,0,0,8,8,8,0,0,6
1,6,2015,21,398108,0,0,8,8,8,0,0,6
1,6,2015,22,398109,1,0,9,8.66666666666667,9,0,0,6
1,6,2015,23,398110,0,0,9,9,9,0,0,6
2,6,2015,0,398111,0,0,9,9,9,0,0,6
2,6,2015,1,398112,0,0,9,9,9,0,0,6
2,6,2015,2,398113,0,0,9,9,9,0,0,6
2,6,2015,3,398114,0,0,9,9,9,0,0,6
2,6,2015,4,398115,0,0,9,9,9,0,0,6
2,6,2015,5,398116,0,1,9,8.85714285714286,8,0,0,7
2,6,2015,6,398117,1,1,8,7.83333333333333,8,0,0,6
2,6,2015,7,398118,0,1,8,8.33333333333333,8,0,0,6
2,6,2015,8,398119,0,0,8,8,8,0,0,6
2,6,2015,9,398120,1,1,8,8.16666666666667,8,0,0,6
2,6,2015,10,398121,0,1,7,7.14285714285714,7,0,0,7
2,6,2015,11,398122,0,0,7,7,7,0,0,6
2,6,2015,12,398123,0,1,6,6.33333333333333,6,0,0,6
2,6,2015,13,398124,1,0,7,6.85714285714286,7,0,0,7
2,6,2015,14,398125,2,0,7.5,7.83333333333333,9,0,0,6
2,6,2015,15,398126,2,1,9.5,9.33333333333333,10,0,0,6
2,6,2015,16,398127,1,5,10,9.42857142857143,7,0,0,7
2,6,2015,17,398128,1,2,7,6.625,6,0,0,8
2,6,2015,18,398129,1,3,4.5,4.5,4,0,0,6
2,6,2015,19,398130,0,1,4,3.71428571428571,3,0,0,7
2,6,2015,20,398131,0,1,3,2.85714285714286,2,0,0,7
2,6,2015,21,398132,1,0,3,2.83333333333333,3,0,0,6
2,6,2015,22,398133,0,1,3,2.83333333333333,2,0,0,6
2,6,2015,23,398134,0,0,2,2,2,0,0,6
3,6,2015,0,398135,0,0,2,2,2,0,0,6
3,6,2015,1,398136,0,0,2,2,2,0,0,6
3,6,2015,2,398137,0,1,2,1.57142857142857,1,0,0,7
3,6,2015,3,398138,0,0,1,1,1,0,0,6
3,6,2015,4,398139,5,0,3.5,3.5,6,0,0,6
3,6,2015,5,398140,0,1,6,5.83333333333333,5,0,0,6
3,6,2015,6,398141,4,2,5,5,7,0,0,7
3,6,2015,7,398142,2,0,8,8.2,9,0,0,5
3,6,2015,8,398143,3,0,10,10.1666666666667,12,0,0,6
3,6,2015,9,398144,1,2,11,10.8571428571429,11,0,0,7
3,6,2015,10,398145,0,0,11,11,11,0,0,6
3,6,2015,11,398146,0,1,11,11.3333333333333,11,0,0,6
3,6,2015,12,398147,0,1,10,10.4285714285714,10,0,0,7
3,6,2015,13,398148,0,3,7.5,7.83333333333333,7,0,0,6
3,6,2015,14,398149,1,0,8,8.2,9,0,0,5
3,6,2015,15,398150,4,4,10,10.1111111111111,9,0,0,9
3,6,2015,16,398151,3,4,9,8.66666666666667,8,0,0,9
3,6,2015,17,398152,0,1,7,7.16666666666667,7,0,0,6
3,6,2015,18,398153,1,0,8,7.83333333333333,8,0,0,6
3,6,2015,19,398154,0,1,7,7.14285714285714,7,0,0,7
3,6,2015,20,398155,0,0,7,7,7,0,0,6
3,6,2015,21,398156,0,0,7,7,7,0,0,6
3,6,2015,22,398157,0,0,7,7,7,0,0,6
3,6,2015,23,398158,0,0,6,6,6,0,0,6
4,6,2015,0,398159,0,0,6,6,6,0,0,6
4,6,2015,1,398160,0,0,6,6,6,0,0,6
4,6,2015,2,398161,0,0,6,6,6,0,0,6
4,6,2015,3,398162,0,0,6,6,6,0,0,6
4,6,2015,4,398163,0,0,6,6,6,0,0,6
4,6,2015,5,398164,0,0,6,6,6,0,0,6
4,6,2015,6,398165,1,2,4,4.14285714285714,4,0,0,7
4,6,2015,7,398166,1,0,5,4.6,5,0,0,5
4,6,2015,8,398167,3,0,6.5,6.66666666666667,8,0,0,6
4,6,2015,9,398168,0,2,7,7.14285714285714,6,0,0,7
4,6,2015,10,398169,0,0,6,6,6,0,0,6
4,6,2015,11,398170,0,0,6,6,6,0,0,6
4,6,2015,12,398171,0,0,6,6,6,0,0,6
4,6,2015,13,398172,0,0,7,7,7,0,0,6
4,6,2015,14,398173,0,1,9,8.71428571428571,8,0,0,7
4,6,2015,15,398174,4,1,9,9.28571428571429,11,0,0,7
4,6,2015,16,398175,1,1,14,13.6666666666667,14,0,0,6
4,6,2015,17,398176,0,1,13,13.3333333333333,13,0,0,6
4,6,2015,18,398177,1,1,13,12.7142857142857,13,0,0,7
4,6,2015,19,398178,1,1,13,12.8571428571429,13,0,0,7
4,6,2015,20,398179,0,0,12,12,12,0,0,6
4,6,2015,21,398180,0,0,12,12,12,0,0,6
4,6,2015,22,398181,0,0,12,12,12,0,0,6
4,6,2015,23,398182,0,0,12,12,12,0,0,6
5,6,2015,0,398183,0,0,12,12,12,0,0,6
5,6,2015,1,398184,0,0,12,12,12,0,0,6
5,6,2015,2,398185,0,0,12,12,12,0,0,6
5,6,2015,3,398186,0,0,12,12,12,0,0,6
5,6,2015,4,398187,0,4,11,10.3333333333333,8,0,0,6
5,6,2015,5,398188,0,0,8,8,8,0,0,6
5,6,2015,6,398189,1,2,7,7.28571428571429,7,0,0,7
5,6,2015,7,398190,2,1,7,6.71428571428571,7,0,0,7
5,6,2015,8,398191,0,0,7,7,7,0,0,6
5,6,2015,9,398192,1,1,6,6.33333333333333,7,0,0,6
5,6,2015,10,398193,0,0,8,8,8,0,0,6
5,6,2015,11,398194,1,0,11,10.8,11,0,0,5
5,6,2015,12,398195,0,0,12,12,12,0,0,4
5,6,2015,13,398196,4,0,15,14.4285714285714,16,0,0,7
5,6,2015,14,398197,2,0,18,17.4285714285714,18,0,0,7
5,6,2015,15,398198,1,2,16,15.5714285714286,15,0,0,7
5,6,2015,16,398199,0,1,15,14.6666666666667,14,0,0,6
5,6,2015,17,398200,0,5,12,11.8571428571429,9,0,0,7
5,6,2015,18,398201,0,2,8,8,7,0,0,6
5,6,2015,19,398202,0,1,6,6.33333333333333,6,0,0,6
5,6,2015,20,398203,1,0,6,6.33333333333333,7,0,0,6
5,6,2015,21,398204,0,0,7,7,7,0,0,6
5,6,2015,22,398205,0,0,7,7,7,0,0,6
5,6,2015,23,398206,0,0,7,7,7,0,0,6
6,6,2015,0,398207,0,0,7,7,7,0,0,6
6,6,2015,1,398208,0,0,7,7,7,0,0,6
6,6,2015,2,398209,0,0,7,7,7,0,0,6
6,6,2015,3,398210,0,0,7,7,7,0,0,6
6,6,2015,4,398211,1,0,8,7.6,8,0,0,5
6,6,2015,5,398212,0,0,8,8,8,0,0,5
6,6,2015,6,398213,0,0,8,8,8,0,0,7
6,6,2015,7,398214,1,0,8,8.16666666666667,9,0,0,6
6,6,2015,8,398215,1,0,10,9.83333333333333,10,0,0,6
6,6,2015,9,398216,0,1,9,9.33333333333333,9,0,0,6
6,6,2015,10,398217,3,1,10.5,10.5,11,0,0,8
6,6,2015,11,398218,0,1,9,9.4,9,0,0,5
6,6,2015,12,398219,0,0,9,9,9,0,0,6
6,6,2015,13,398220,0,0,9,9,9,0,0,6
6,6,2015,14,398221,0,1,9,8.66666666666667,8,0,0,6
6,6,2015,15,398222,3,5,8,7.71428571428571,6,0,0,7
6,6,2015,16,398223,0,1,6,5.83333333333333,5,0,0,6
6,6,2015,17,398224,0,2,3,3.66666666666667,3,0,0,6
6,6,2015,18,398225,0,1,2,2.14285714285714,2,0,0,7
6,6,2015,19,398226,0,1,1,1.33333333333333,1,0,0,6
6,6,2015,20,398227,2,0,3,2.42857142857143,3,0,0,7
6,6,2015,21,398228,0,1,3,2.8,2,0,0,5
6,6,2015,22,398229,2,0,2,2.71428571428571,4,0,0,7
6,6,2015,23,398230,0,0,4,4,4,0,0,6
7,6,2015,0,398231,0,0,4,4,4,0,0,6
7,6,2015,1,398232,0,0,4,4,4,0,0,6
7,6,2015,2,398233,0,0,4,4,4,0,0,6
7,6,2015,3,398234,0,0,4,4,4,0,0,6
7,6,2015,4,398235,1,0,5,4.66666666666667,5,0,0,6
7,6,2015,5,398236,0,0,5,5,5,0,0,6
7,6,2015,6,398237,0,0,5,5,5,0,0,6
7,6,2015,7,398238,0,3,3.5,3.5,2,0,0,6
7,6,2015,8,398239,1,0,3,3.16666666666667,4,0,0,6
7,6,2015,9,398240,0,0,4,4,4,0,0,6
7,6,2015,10,398241,0,0,4,4,4,0,0,6
7,6,2015,11,398242,3,0,5,5.57142857142857,7,0,0,7
7,6,2015,12,398243,0,0,7,7,7,0,0,6
7,6,2015,13,398244,0,0,7,7,7,0,0,6
7,6,2015,14,398245,0,0,7,7,7,0,0,6
7,6,2015,15,398246,0,1,5,5.33333333333333,5,0,0,6
7,6,2015,16,398247,3,0,6,6.375,8,0,0,8
7,6,2015,17,398248,0,1,7.5,7.5,7,0,0,6
7,6,2015,18,398249,0,1,7,6.66666666666667,6,0,0,6
7,6,2015,19,398250,0,1,5,5.42857142857143,5,0,0,7
7,6,2015,20,398251,1,0,6,5.85714285714286,6,0,0,7
7,6,2015,21,398252,0,0,6,6,6,0,0,6
7,6,2015,22,398253,0,0,6,6,6,0,0,6
7,6,2015,23,398254,0,0,6,6,6,0,0,6
8,6,2015,0,398255,0,0,6,6,6,0,0,6
8,6,2015,1,398256,0,0,6,6,6,0,0,6
8,6,2015,2,398257,0,0,6,6,6,0,0,6
8,6,2015,3,398258,0,0,6,6,6,0,0,6
8,6,2015,4,398259,0,0,6,6,6,0,0,6
8,6,2015,5,398260,0,1,6,5.83333333333333,5,0,0,6
8,6,2015,6,398261,1,1,5,5.4,5,0,0,5
8,6,2015,7,398262,1,1,6,6.14285714285714,6,0,0,7
8,6,2015,8,398263,1,0,7,6.57142857142857,7,0,0,7
8,6,2015,9,398264,0,0,7,7,7,0,0,6
8,6,2015,10,398265,0,0,7,7,7,0,0,7
8,6,2015,11,398266,0,0,7,7,7,0,0,6
8,6,2015,12,398267,0,1,6.5,6.5,6,0,0,6
8,6,2015,13,398268,1,0,6,6.42857142857143,7,0,0,7
8,6,2015,14,398269,1,0,8,8.16666666666667,9,0,0,6
8,6,2015,15,398270,3,2,9,8.83333333333333,10,0,0,6
8,6,2015,16,398271,0,2,8.5,8.66666666666667,8,0,0,6
8,6,2015,17,398272,0,0,8,8,8,0,0,6
8,6,2015,18,398273,0,0,8,8,8,0,0,6
8,6,2015,19,398274,1,0,8,8.28571428571429,9,0,0,7
8,6,2015,20,398275,0,0,9,9,9,0,0,6
8,6,2015,21,398276,0,0,9,9,9,0,0,6
8,6,2015,22,398277,0,0,9,9,9,0,0,6
8,6,2015,23,398278,0,0,9,9,9,0,0,6
9,6,2015,0,398279,0,0,9,9,9,0,0,5
9,6,2015,1,398280,0,0,9,9,9,0,0,6
9,6,2015,2,398281,0,0,9,9,9,0,0,6
9,6,2015,3,398282,0,1,9,8.66666666666667,8,0,0,6
9,6,2015,4,398283,0,0,8,8,8,0,0,6
9,6,2015,5,398284,0,0,8,8,8,0,0,6
9,6,2015,6,398285,2,1,8,8,9,0,0,7
9,6,2015,7,398286,1,0,9,9.42857142857143,10,0,0,7
9,6,2015,8,398287,0,5,10,8.33333333333333,5,0,0,6
9,6,2015,9,398288,0,0,5,5,5,0,0,6
9,6,2015,10,398289,0,0,5,5,5,0,0,6
9,6,2015,11,398290,0,0,5,5,5,0,0,6
9,6,2015,12,398291,0,0,5,5,5,0,0,6
9,6,2015,13,398292,0,0,5,5,5,0,0,6
9,6,2015,14,398293,2,2,5,5,5,0,0,6
9,6,2015,15,398294,2,0,4.5,4.875,6,0,0,8
9,6,2015,16,398295,2,2,6,6.42857142857143,6,0,0,7
9,6,2015,17,398296,1,0,6,6.16666666666667,7,0,0,6
9,6,2015,18,398297,0,0,5,5,5,0,0,7
9,6,2015,19,398298,2,0,5.5,5.83333333333333,7,0,0,6
9,6,2015,20,398299,0,1,6,6.28571428571429,6,0,0,7
9,6,2015,21,398300,0,0,6,6,6,0,0,6
9,6,2015,22,398301,0,0,6,6,6,0,0,6
9,6,2015,23,398302,0,0,6,6,6,0,0,6
10,6,2015,0,398303,0,0,6,6,6,0,0,6
10,6,2015,1,398304,0,0,6,6,6,0,0,6
10,6,2015,2,398305,0,0,6,6,6,0,0,5
10,6,2015,3,398306,0,0,6,6,6,0,0,5
10,6,2015,4,398307,0,2,6,5.71428571428571,4,0,0,7
10,6,2015,5,398308,0,0,4,4,4,0,0,5
10,6,2015,6,398309,0,2,3,3.71428571428571,3,0,0,7
10,6,2015,7,398310,2,1,4,3.85714285714286,4,0,0,7
10,6,2015,8,398311,2,0,4,4.57142857142857,6,0,0,7
10,6,2015,9,398312,0,1,6,5.66666666666667,5,0,0,6
10,6,2015,10,398313,0,0,5,5,5,0,0,6
10,6,2015,11,398314,0,0,5,5,5,0,0,6
10,6,2015,12,398315,0,0,5,5,5,0,0,6
10,6,2015,13,398316,0,0,5,5,5,0,0,6
10,6,2015,19,398322,0,0,10,10,10,0,0,5
10,6,2015,20,398323,0,0,10,10,10,0,0,6
10,6,2015,21,398324,0,0,10,10,10,0,0,6
10,6,2015,22,398325,0,0,10,10,10,0,0,6
10,6,2015,23,398326,0,0,10,10,10,0,0,6
11,6,2015,0,398327,0,0,10,10,10,0,0,6
11,6,2015,1,398328,0,0,10,10,10,0,0,6
11,6,2015,2,398329,0,0,10,10,10,0,0,6
11,6,2015,3,398330,0,0,10,10,10,0,0,6
11,6,2015,4,398331,0,0,10,10,10,0,0,6
11,6,2015,5,398332,0,0,10,10,10,0,0,6
11,6,2015,6,398333,2,2,5,4.71428571428571,5,0,0,7
11,6,2015,7,398334,2,0,5,5.85714285714286,7,0,0,7
11,6,2015,8,398335,2,0,8,8,9,0,0,6
11,6,2015,9,398336,0,0,9,9,9,0,0,6
11,6,2015,10,398337,0,1,8,8.42857142857143,8,0,0,7
11,6,2015,11,398338,1,0,9,8.71428571428571,9,0,0,7
11,6,2015,12,398339,0,1,9,8.6,8,0,0,5
11,6,2015,14,398341,1,2,7,7.22222222222222,7,0,0,9
11,6,2015,15,398342,3,3,6.5,6.375,7,0,0,8
11,6,2015,16,398343,2,2,9,8.57142857142857,9,0,0,7
11,6,2015,17,398344,1,0,9.5,9.5,10,0,0,6
11,6,2015,18,398345,0,3,8,8,7,0,0,8
11,6,2015,19,398346,0,1,7,6.83333333333333,6,0,0,6
11,6,2015,20,398347,0,0,6,6,6,0,0,6
11,6,2015,21,398348,0,2,4,4.33333333333333,4,0,0,6
11,6,2015,22,398349,0,0,4,4,4,0,0,6
11,6,2015,23,398350,0,0,4,4,4,0,0,6
12,6,2015,0,398351,0,0,4,4,4,0,0,6
12,6,2015,1,398352,0,0,4,4,4,0,0,6
12,6,2015,2,398353,0,0,4,4,4,0,0,6
12,6,2015,3,398354,0,0,4,4,4,0,0,6
12,6,2015,4,398355,1,0,4.5,4.5,5,0,0,6
12,6,2015,5,398356,0,1,5,4.85714285714286,4,0,0,7
12,6,2015,6,398357,0,1,3,2.66666666666667,2,0,0,6
12,6,2015,7,398358,0,0,2,2,2,0,0,5
12,6,2015,8,398359,1,0,3,2.71428571428571,3,0,0,7
12,6,2015,9,398360,2,0,5,4.66666666666667,5,0,0,6
12,6,2015,10,398361,1,0,6,5.57142857142857,6,0,0,7
12,6,2015,11,398362,0,1,5,5.4,5,0,0,5
12,6,2015,12,398363,1,1,4,4.28571428571429,5,0,0,7
12,6,2015,13,398364,0,0,5,5,5,0,0,6
12,6,2015,14,398365,3,0,7,6.42857142857143,8,0,0,7
12,6,2015,15,398366,3,2,8,7.875,9,0,0,8
12,6,2015,16,398367,1,2,7,7.16666666666667,7,0,0,6
12,6,2015,17,398368,1,0,7.5,7.5,8,0,0,6
12,6,2015,18,398369,0,1,7,7.42857142857143,7,0,0,7
12,6,2015,19,398370,0,0,7,7,7,0,0,6
12,6,2015,20,398371,0,0,7,7,7,0,0,5
12,6,2015,21,398372,0,0,7,7,7,0,0,6
12,6,2015,22,398373,1,0,8,7.57142857142857,8,0,0,7
12,6,2015,23,398374,0,0,8,8,8,0,0,6
13,6,2015,0,398375,0,0,9,9,9,0,0,6
13,6,2015,1,398376,0,0,9,9,9,0,0,6
13,6,2015,2,398377,0,0,9,9,9,0,0,6
13,6,2015,3,398378,1,0,9,9.28571428571429,10,0,0,7
13,6,2015,4,398379,0,0,10,10,10,0,0,6
13,6,2015,5,398380,0,0,10,10,10,0,0,6
13,6,2015,6,398381,0,0,10,10,10,0,0,6
13,6,2015,7,398382,0,0,10,10,10,0,0,6
13,6,2015,8,398383,0,0,10,10,10,0,0,6
13,6,2015,9,398384,0,6,9.5,8.5,4,0,0,8
13,6,2015,10,398385,0,1,3,3.4,3,0,0,5
13,6,2015,11,398386,2,0,3,3.66666666666667,5,0,0,6
13,6,2015,12,398387,0,0,5,5,5,0,0,6
13,6,2015,13,398388,0,0,5,5,5,0,0,6
13,6,2015,14,398389,1,0,6,5.66666666666667,6,0,0,6
13,6,2015,15,398390,0,2,5,5.14285714285714,4,0,0,7
13,6,2015,16,398391,0,0,4,4,4,0,0,6
13,6,2015,17,398392,2,0,4.5,4.83333333333333,6,0,0,6
13,6,2015,18,398393,0,0,6,6,6,0,0,6
13,6,2015,19,398394,0,1,5,5.16666666666667,5,0,0,6
13,6,2015,20,398395,0,0,5,5,5,0,0,6
13,6,2015,21,398396,0,0,5,5,5,0,0,6
13,6,2015,22,398397,0,0,5,5,5,0,0,6
13,6,2015,23,398398,0,1,3,2.83333333333333,2,0,0,6
14,6,2015,0,398399,0,0,2,2,2,0,0,6
14,6,2015,1,398400,0,0,2,2,2,0,0,6
14,6,2015,2,398401,0,0,2,2,2,0,0,6
14,6,2015,3,398402,0,0,2,2,2,0,0,6
14,6,2015,4,398403,0,0,2,2,2,0,0,6
14,6,2015,5,398404,0,0,2,2,2,0,0,6
14,6,2015,6,398405,0,0,2,2,2,0,0,6
14,6,2015,7,398406,3,2,7,6.28571428571429,5,0,0,7
14,6,2015,8,398407,0,0,5,5,5,0,0,5
14,6,2015,9,398408,0,0,5,5,5,0,0,6
14,6,2015,10,398409,0,0,5,5,5,0,0,7
14,6,2015,11,398410,0,0,5,5,5,0,0,6
14,6,2015,12,398411,0,0,5,5,5,0,0,6
14,6,2015,13,398412,0,0,5,5,5,0,0,6
14,6,2015,14,398413,1,1,5,5.42857142857143,5,0,0,7
14,6,2015,15,398414,0,0,5,5,5,0,0,4
14,6,2015,16,398415,0,0,5,5,5,0,0,6
14,6,2015,17,398416,0,1,5,4.6,4,0,0,5
14,6,2015,18,398417,3,3,4.5,5,4,0,0,8
14,6,2015,19,398418,0,0,4,4,4,0,0,6
14,6,2015,20,398419,0,1,5,5.33333333333333,5,0,0,6
14,6,2015,21,398420,0,0,5,5,5,0,0,6
14,6,2015,22,398421,1,0,6,5.66666666666667,6,0,0,6
14,6,2015,23,398422,0,0,6,6,6,0,0,6
15,6,2015,0,398423,0,0,6,6,6,0,0,6
15,6,2015,1,398424,4,0,8,8,10,0,0,6
15,6,2015,2,398425,0,0,10,10,10,0,0,6
15,6,2015,3,398426,0,0,10,10,10,0,0,6
15,6,2015,4,398427,1,4,10,9.33333333333333,7,0,0,6
15,6,2015,5,398428,2,2,8,8,7,0,0,8
15,6,2015,6,398429,0,2,5,4.85714285714286,4,0,0,7
15,6,2015,7,398430,0,1,3,3.33333333333333,3,0,0,6
15,6,2015,8,398431,2,0,4,3.83333333333333,5,0,0,6
15,6,2015,9,398432,0,1,5,4.57142857142857,4,0,0,7
15,6,2015,10,398433,1,0,4,4.16666666666667,5,0,0,6
15,6,2015,11,398434,0,1,4,4.16666666666667,4,0,0,6
15,6,2015,12,398435,1,0,4,3.83333333333333,4,0,0,6
15,6,2015,13,398436,1,3,3.5,3.5,2,0,0,8
15,6,2015,14,398437,6,0,3,4.33333333333333,8,0,0,6
15,6,2015,15,398438,1,2,7,6.71428571428571,7,0,0,7
15,6,2015,16,398439,1,2,6,6,6,0,0,6
15,6,2015,17,398440,0,1,4,4.42857142857143,4,0,0,7
15,6,2015,18,398441,0,2,2,2.85714285714286,2,0,0,7
15,6,2015,19,398442,1,0,6,6.33333333333333,7,0,0,6
15,6,2015,20,398443,0,1,6,6.2,6,0,0,5
15,6,2015,21,398444,0,0,7,7,7,0,0,6
15,6,2015,22,398445,0,0,7,7,7,0,0,6
15,6,2015,23,398446,0,0,7,7,7,0,0,6
16,6,2015,0,398447,0,0,7,7,7,0,0,6
16,6,2015,1,398448,1,0,8,7.66666666666667,8,0,0,6
16,6,2015,2,398449,0,0,8,8,8,0,0,6
16,6,2015,3,398450,0,0,8,8,8,0,0,6
16,6,2015,4,398451,1,0,9,8.57142857142857,9,0,0,7
16,6,2015,5,398452,0,1,9,8.83333333333333,8,0,0,6
16,6,2015,6,398453,1,3,5,5.57142857142857,5,0,0,7
16,6,2015,7,398454,1,0,6,5.83333333333333,6,0,0,6
16,6,2015,8,398455,0,0,6,6,6,0,0,6
16,6,2015,9,398456,0,0,6,6,6,0,0,7
16,6,2015,10,398457,0,1,5.5,5.5,5,0,0,6
16,6,2015,11,398458,1,0,5.5,5.5,6,0,0,6
16,6,2015,12,398459,0,2,4,4.14285714285714,3,0,0,7
16,6,2015,13,398460,3,0,4.5,4.5,6,0,0,6
16,6,2015,14,398461,0,0,6,6,6,0,0,6
16,6,2015,15,398462,1,2,5,4.85714285714286,5,0,0,7
16,6,2015,16,398463,1,1,5,4.57142857142857,5,0,0,7
16,6,2015,17,398464,0,0,5,5,5,0,0,6
16,6,2015,18,398465,2,1,4.5,4.83333333333333,6,0,0,6
16,6,2015,19,398466,0,1,5,5.28571428571429,5,0,0,7
16,6,2015,20,398467,1,0,6,5.66666666666667,6,0,0,6
16,6,2015,21,398468,0,0,6,6,6,0,0,6
16,6,2015,22,398469,0,0,6,6,6,0,0,6
16,6,2015,23,398470,0,0,6,6,6,0,0,6
17,6,2015,0,398471,0,0,6,6,6,0,0,6
17,6,2015,1,398472,0,0,6,6,6,0,0,4
17,6,2015,2,398473,0,0,6,6,6,0,0,6
17,6,2015,3,398474,0,0,6,6,6,0,0,6
17,6,2015,4,398475,0,0,6,6,6,0,0,6
17,6,2015,5,398476,0,1,5,5.33333333333333,5,0,0,6
17,6,2015,6,398477,1,0,6,5.66666666666667,6,0,0,6
17,6,2015,7,398478,0,1,7,6.71428571428571,6,0,0,7
17,6,2015,8,398479,0,0,6,6,6,0,0,6
17,6,2015,9,398480,0,0,8,8,8,0,0,6
17,6,2015,10,398481,1,0,8,8.33333333333333,9,0,0,6
17,6,2015,11,398482,0,1,8,8.33333333333333,8,0,0,6
17,6,2015,12,398483,1,1,8,7.85714285714286,8,0,0,7
17,6,2015,13,398484,0,5,9,8.16666666666667,4,0,0,6
17,6,2015,14,398485,0,2,2,2.71428571428571,2,0,0,7
17,6,2015,15,398486,3,3,2,1.71428571428571,1,0,0,7
17,6,2015,16,398487,1,1,1,0.857142857142857,1,0.142857142857143,0,7
17,6,2015,17,398488,3,0,4,3.42857142857143,4,0,0,7
17,6,2015,18,398489,0,1,4,3.83333333333333,3,0,0,6
17,6,2015,19,398490,0,3,1,1.14285714285714,0,0.285714285714286,0,7
17,6,2015,20,398491,0,0,0,0,0,1,0,6
17,6,2015,21,398492,0,0,0,0,0,1,0,6
17,6,2015,22,398493,0,0,0,0,0,1,0,7
17,6,2015,23,398494,0,0,0,0,0,1,0,6
18,6,2015,0,398495,0,0,0,0,0,1,0,6
18,6,2015,1,398496,0,0,0,0,0,1,0,6
18,6,2015,2,398497,0,0,0,0,0,1,0,6
18,6,2015,3,398498,0,0,0,0,0,1,0,5
18,6,2015,4,398499,7,0,1,2.83333333333333,7,0.166666666666667,0,6
18,6,2015,5,398500,0,1,7,6.71428571428571,6,0,0,7
18,6,2015,6,398501,1,1,5,5.42857142857143,6,0,0,7
18,6,2015,7,398502,0,0,6,6,6,0,0,6
18,6,2015,8,398503,1,2,5,4.71428571428571,5,0,0,7
18,6,2015,9,398504,2,2,5,5.375,5,0,0,8
18,6,2015,10,398505,0,0,5,5,5,0,0,6
18,6,2015,11,398506,0,0,5,5,5,0,0,6
18,6,2015,12,398507,0,1,5,4.83333333333333,4,0,0,6
18,6,2015,13,398508,0,1,3,3.42857142857143,3,0,0,7
18,6,2015,14,398509,0,0,3,3,3,0,0,6
18,6,2015,15,398510,3,1,3,3,4,0,0,6
18,6,2015,16,398511,0,1,3,2.83333333333333,2,0,0,6
18,6,2015,17,398512,1,1,2,2.16666666666667,2,0,0,6
18,6,2015,18,398513,5,2,1,1.8,5,0.2,0,5
18,6,2015,19,398514,1,1,4,4.14285714285714,4,0,0,7
18,6,2015,20,398515,0,0,5,5,5,0,0,6
18,6,2015,21,398516,2,0,5,5.42857142857143,7,0,0,7
18,6,2015,22,398517,0,0,7,7,7,0,0,6
18,6,2015,23,398518,0,1,7,6.66666666666667,6,0,0,6
19,6,2015,0,398519,0,0,6,6,6,0,0,6
19,6,2015,1,398520,0,0,6,6,6,0,0,6
19,6,2015,2,398521,0,0,6,6,6,0,0,7
19,6,2015,3,398522,0,0,6,6,6,0,0,6
19,6,2015,4,398523,0,0,6,6,6,0,0,6
19,6,2015,5,398524,1,1,6,6.28571428571429,6,0,0,7
19,6,2015,6,398525,3,3,6,6.5,6,0,0,8
19,6,2015,7,398526,1,1,7.5,7.5,7,0,0,8
19,6,2015,8,398527,0,1,8,7.8,7,0,0,5
19,6,2015,9,398528,1,0,8,7.6,8,0,0,5
19,6,2015,10,398529,0,1,7,7.33333333333333,7,0,0,6
19,6,2015,11,398530,0,0,7,7,7,0,0,6
19,6,2015,12,398531,1,2,6,6,6,0,0,7
19,6,2015,13,398532,1,0,6.5,6.5,7,0,0,6
19,6,2015,14,398533,0,0,8,8,8,0,0,6
19,6,2015,15,398534,1,1,8,7.57142857142857,7,0,0,7
19,6,2015,16,398535,0,0,7,7,7,0,0,5
19,6,2015,17,398536,0,0,7,7,7,0,0,5
19,6,2015,18,398537,0,3,6,5,3,0,0,7
19,6,2015,19,398538,0,1,3,2.66666666666667,2,0,0,6
19,6,2015,20,398539,0,0,2,2,2,0,0,4
19,6,2015,21,398540,1,1,2,1.85714285714286,2,0,0,7
19,6,2015,22,398541,2,0,4,3.6,4,0,0,5
19,6,2015,23,398542,0,0,6,6,6,0,0,6
20,6,2015,0,398543,0,0,6,6,6,0,0,6
20,6,2015,1,398544,1,0,7,6.71428571428571,7,0,0,7
20,6,2015,2,398545,0,0,7,7,7,0,0,6
20,6,2015,3,398546,0,0,7,7,7,0,0,5
20,6,2015,4,398547,0,0,7,7,7,0,0,6
20,6,2015,5,398548,0,0,7,7,7,0,0,6
20,6,2015,6,398549,0,0,7,7,7,0,0,6
20,6,2015,7,398550,1,0,7,7.33333333333333,8,0,0,6
20,6,2015,8,398551,0,0,8,8,8,0,0,6
20,6,2015,9,398552,1,2,7,7.14285714285714,7,0,0,7
20,6,2015,10,398553,0,0,6,6,6,0,0,6
20,6,2015,11,398554,0,1,6,5.85714285714286,5,0,0,7
20,6,2015,12,398555,1,0,6,5.83333333333333,6,0,0,6
20,6,2015,13,398556,0,1,6,5.71428571428571,5,0,0,7
20,6,2015,14,398557,0,0,4,4,4,0,0,6
20,6,2015,15,398558,1,0,4,4.33333333333333,5,0,0,6
20,6,2015,16,398559,1,3,3,2.83333333333333,2,0,0,6
20,6,2015,17,398560,2,0,3,3,4,0,0,6
20,6,2015,18,398561,2,0,4,4.57142857142857,6,0,0,7
20,6,2015,19,398562,0,0,6,6,6,0,0,6
20,6,2015,20,398563,0,1,6,5.66666666666667,5,0,0,6
20,6,2015,21,398564,0,0,5,5,5,0,0,6
20,6,2015,22,398565,0,0,5,5,5,0,0,6
20,6,2015,23,398566,0,0,5,5,5,0,0,6
21,6,2015,0,398567,0,0,5,5,5,0,0,6
21,6,2015,1,398568,0,0,5,5,5,0,0,6
21,6,2015,2,398569,0,0,5,5,5,0,0,6
21,6,2015,3,398570,0,0,5,5,5,0,0,6
21,6,2015,4,398571,0,0,5,5,5,0,0,6
21,6,2015,5,398572,0,0,5,5,5,0,0,6
21,6,2015,6,398573,0,0,5,5,5,0,0,6
21,6,2015,7,398574,0,0,5,5,5,0,0,6
21,6,2015,8,398575,0,0,5,5,5,0,0,6
21,6,2015,9,398576,0,0,5,5,5,0,0,6
21,6,2015,10,398577,0,0,5,5,5,0,0,6
21,6,2015,11,398578,0,0,6,6,6,0,0,6
21,6,2015,12,398579,0,0,6,6,6,0,0,6
21,6,2015,13,398580,0,0,6,6,6,0,0,6
21,6,2015,14,398581,0,0,6,6,6,0,0,6
21,6,2015,15,398582,0,0,6,6,6,0,0,6
21,6,2015,16,398583,0,0,6,6,6,0,0,7
21,6,2015,17,398584,0,0,6,6,6,0,0,6
21,6,2015,18,398585,0,1,6,5.66666666666667,5,0,0,6
21,6,2015,19,398586,0,0,5,5,5,0,0,6
21,6,2015,20,398587,0,0,5,5,5,0,0,6
21,6,2015,21,398588,0,0,5,5,5,0,0,6
21,6,2015,22,398589,0,0,5,5,5,0,0,6
21,6,2015,23,398590,0,0,5,5,5,0,0,6
22,6,2015,0,398591,0,0,5,5,5,0,0,6
22,6,2015,1,398592,0,0,5,5,5,0,0,5
22,6,2015,2,398593,0,0,5,5,5,0,0,6
22,6,2015,3,398594,0,0,5,5,5,0,0,6
22,6,2015,4,398595,0,0,5,5,5,0,0,6
22,6,2015,5,398596,0,0,6,6,6,0,0,6
22,6,2015,6,398597,1,2,5,5,5,0,0,6
22,6,2015,7,398598,0,0,5,5,5,0,0,6
22,6,2015,8,398599,1,0,6,5.6,6,0,0,5
22,6,2015,9,398600,0,1,5,5.33333333333333,5,0,0,6
22,6,2015,10,398601,1,0,5,5.33333333333333,6,0,0,6
22,6,2015,11,398602,0,0,6,6,6,0,0,6
22,6,2015,12,398603,0,2,5,4.83333333333333,4,0,0,6
22,6,2015,13,398604,0,0,4,4,4,0,0,6
22,6,2015,14,398605,0,3,2,2.28571428571429,1,0,0,7
22,6,2015,15,398606,2,3,1,0.857142857142857,0,0.428571428571429,0,7
22,6,2015,16,398607,7,0,0,2.33333333333333,7,0.666666666666667,0,6
22,6,2015,17,398608,2,0,9,8.6,9,0,0,5
22,6,2015,18,398609,0,1,7,7.14285714285714,7,0,0,7
22,6,2015,19,398610,0,0,7,7,7,0,0,6
22,6,2015,20,398611,0,0,7,7,7,0,0,6
22,6,2015,21,398612,0,1,6,6.16666666666667,6,0,0,6
22,6,2015,22,398613,0,0,6,6,6,0,0,6
22,6,2015,23,398614,0,0,6,6,6,0,0,7
23,6,2015,0,398615,0,0,6,6,6,0,0,6
23,6,2015,1,398616,0,0,6,6,6,0,0,6
23,6,2015,2,398617,0,0,6,6,6,0,0,6
23,6,2015,3,398618,0,0,6,6,6,0,0,6
23,6,2015,4,398619,0,0,6,6,6,0,0,6
23,6,2015,5,398620,1,0,6,6.33333333333333,7,0,0,6
23,6,2015,6,398621,0,1,7,6.71428571428571,6,0,0,7
23,6,2015,7,398622,0,0,6,6,6,0,0,6
23,6,2015,8,398623,0,0,6,6,6,0,0,6
23,6,2015,9,398624,0,0,6,6,6,0,0,6
23,6,2015,10,398625,0,0,6,6,6,0,0,6
23,6,2015,11,398626,0,0,6,6,6,0,0,6
23,6,2015,12,398627,0,0,6,6,6,0,0,6
23,6,2015,13,398628,0,1,4,4.33333333333333,4,0,0,6
23,6,2015,14,398629,2,1,5,5,5,0,0,8
23,6,2015,15,398630,1,0,6,5.71428571428571,6,0,0,7
23,6,2015,16,398631,0,1,5,5.16666666666667,5,0,0,6
23,6,2015,17,398632,0,0,5,5,5,0,0,6
23,6,2015,18,398633,0,0,5,5,5,0,0,6
23,6,2015,19,398634,0,0,5,5,5,0,0,6
23,6,2015,20,398635,0,0,5,5,5,0,0,6
23,6,2015,21,398636,0,0,5,5,5,0,0,6
23,6,2015,22,398637,0,0,5,5,5,0,0,6
23,6,2015,23,398638,0,0,5,5,5,0,0,6
24,6,2015,0,398639,0,1,5,4.71428571428571,4,0,0,7
24,6,2015,1,398640,0,0,4,4,4,0,0,6
24,6,2015,2,398641,0,0,4,4,4,0,0,6
24,6,2015,3,398642,0,0,4,4,4,0,0,6
24,6,2015,4,398643,0,0,4,4,4,0,0,6
24,6,2015,5,398644,0,0,4,4,4,0,0,6
24,6,2015,6,398645,0,0,4,4,4,0,0,6
24,6,2015,7,398646,0,0,4,4,4,0,0,6
24,6,2015,8,398647,0,0,4,4,4,0,0,6
24,6,2015,9,398648,2,0,5,4.71428571428571,6,0,0,7
24,6,2015,10,398649,0,1,6,5.85714285714286,5,0,0,7
24,6,2015,11,398650,0,0,5,5,5,0,0,5
24,6,2015,12,398651,1,0,5,4.83333333333333,5,0,0,6
24,6,2015,13,398652,1,0,6,5.85714285714286,6,0,0,7
24,6,2015,14,398653,0,2,4,4.66666666666667,4,0,0,6
24,6,2015,15,398654,0,0,4,4,4,0,0,6
24,6,2015,16,398655,0,0,4,4,4,0,0,5
24,6,2015,17,398656,0,0,4,4,4,0,0,6
24,6,2015,18,398657,0,0,4,4,4,0,0,6
24,6,2015,19,398658,2,2,4,4.28571428571429,4,0,0,7
24,6,2015,20,398659,0,0,4,4,4,0,0,6
24,6,2015,21,398660,0,0,4,4,4,0,0,6
24,6,2015,22,398661,0,0,4,4,4,0,0,6
24,6,2015,23,398662,0,0,4,4,4,0,0,6
25,6,2015,0,398663,0,0,4,4,4,0,0,6
25,6,2015,1,398664,0,0,4,4,4,0,0,6
25,6,2015,2,398665,0,0,4,4,4,0,0,6
25,6,2015,3,398666,0,0,4,4,4,0,0,5
25,6,2015,4,398667,0,0,4,4,4,0,0,6
25,6,2015,5,398668,1,0,4,4.28571428571429,5,0,0,7
25,6,2015,6,398669,1,0,5.5,5.5,6,0,0,6
25,6,2015,7,398670,3,0,9,8.16666666666667,9,0,0,6
25,6,2015,8,398671,0,2,7,7.57142857142857,7,0,0,7
25,6,2015,9,398672,0,1,6,6.42857142857143,6,0,0,7
25,6,2015,10,398673,1,0,7,6.66666666666667,7,0,0,6
25,6,2015,11,398674,0,1,6,6.16666666666667,6,0,0,6
25,6,2015,12,398675,0,0,6,6,6,0,0,6
25,6,2015,13,398676,0,0,6,6,6,0,0,5
25,6,2015,14,398677,0,0,6,6,6,0,0,6
25,6,2015,15,398678,3,3,6,6,6,0,0,7
25,6,2015,16,398679,2,1,8,8,8,0,0,7
25,6,2015,17,398680,0,2,6,6,5,0,0,7
25,6,2015,18,398681,0,1,4.5,4.5,4,0,0,6
25,6,2015,19,398682,0,0,4,4,4,0,0,6
25,6,2015,20,398683,0,0,4,4,4,0,0,6
25,6,2015,21,398684,0,0,4,4,4,0,0,6
25,6,2015,22,398685,0,0,4,4,4,0,0,6
25,6,2015,23,398686,0,0,4,4,4,0,0,6
26,6,2015,0,398687,0,0,4,4,4,0,0,6
26,6,2015,1,398688,0,0,4,4,4,0,0,6
26,6,2015,2,398689,0,0,4,4,4,0,0,6
26,6,2015,3,398690,0,0,4,4,4,0,0,6
26,6,2015,4,398691,0,0,4,4,4,0,0,6
26,6,2015,5,398692,1,0,4,4.16666666666667,5,0,0,6
26,6,2015,6,398693,1,1,5,4.57142857142857,5,0,0,7
26,6,2015,7,398694,0,0,5,5,5,0,0,6
26,6,2015,8,398695,1,0,5.5,5.5,6,0,0,6
26,6,2015,9,398696,0,0,6,6,6,0,0,6
26,6,2015,10,398697,0,4,4.5,4.375,2,0,0,8
26,6,2015,11,398698,3,1,6,5.33333333333333,5,0,0,6
26,6,2015,12,398699,0,0,5,5,5,0,0,6
26,6,2015,13,398700,0,1,4,4.16666666666667,4,0,0,6
26,6,2015,14,398701,2,0,4,4.42857142857143,6,0,0,7
26,6,2015,15,398702,1,4,8,7.5,5,0,0,8
26,6,2015,16,398703,0,1,5,4.66666666666667,4,0,0,6
26,6,2015,17,398704,0,1,4,3.83333333333333,3,0,0,6
26,6,2015,18,398705,3,0,3,3.85714285714286,6,0,0,7
26,6,2015,19,398706,1,2,6,5.57142857142857,5,0,0,7
26,6,2015,20,398707,0,0,5,5,5,0,0,6
26,6,2015,21,398708,0,1,4,4.16666666666667,4,0,0,6
26,6,2015,22,398709,1,0,4,4.14285714285714,5,0,0,7
26,6,2015,23,398710,0,0,5,5,5,0,0,6
27,6,2015,0,398711,0,0,5,5,5,0,0,6
27,6,2015,1,398712,0,0,5,5,5,0,0,5
27,6,2015,2,398713,0,0,5,5,5,0,0,6
27,6,2015,3,398714,1,0,5,5.28571428571429,6,0,0,7
27,6,2015,4,398715,0,0,6,6,6,0,0,6
27,6,2015,5,398716,0,0,6,6,6,0,0,5
27,6,2015,6,398717,0,0,6,6,6,0,0,6
27,6,2015,7,398718,0,0,6,6,6,0,0,6
27,6,2015,8,398719,0,0,6,6,6,0,0,6
27,6,2015,9,398720,0,0,6,6,6,0,0,6
27,6,2015,10,398721,1,0,6,6.42857142857143,7,0,0,7
27,6,2015,11,398722,0,0,7,7,7,0,0,6
27,6,2015,12,398723,0,1,7,6.57142857142857,6,0,0,7
27,6,2015,13,398724,0,0,6,6,6,0,0,6
27,6,2015,14,398725,0,0,6,6,6,0,0,6
27,6,2015,15,398726,0,0,5,5,5,0,0,6
27,6,2015,16,398727,0,1,4,4.33333333333333,4,0,0,6
27,6,2015,17,398728,3,0,5,5.42857142857143,7,0,0,7
27,6,2015,18,398729,0,0,5,5,5,0,0,6
27,6,2015,19,398730,0,0,5,5,5,0,0,6
27,6,2015,20,398731,2,0,5,5.33333333333333,7,0,0,6
27,6,2015,21,398732,2,0,9,8.42857142857143,9,0,0,7
27,6,2015,22,398733,0,2,9,8.66666666666667,7,0,0,6
27,6,2015,23,398734,0,0,7,7,7,0,0,6
28,6,2015,0,398735,0,0,7,7,7,0,0,6
28,6,2015,1,398736,0,0,7,7,7,0,0,6
28,6,2015,2,398737,0,0,7,7,7,0,0,6
28,6,2015,3,398738,0,0,7,7,7,0,0,6
28,6,2015,4,398739,0,0,7,7,7,0,0,6
28,6,2015,5,398740,0,0,7,7,7,0,0,6
28,6,2015,6,398741,0,0,7,7,7,0,0,6
28,6,2015,7,398742,0,0,7,7,7,0,0,6
28,6,2015,8,398743,0,1,5,5.14285714285714,5,0,0,7
28,6,2015,9,398744,0,0,5,5,5,0,0,6
28,6,2015,10,398745,0,0,5,5,5,0,0,6
28,6,2015,11,398746,0,1,4,4.16666666666667,4,0,0,6
28,6,2015,12,398747,0,0,4,4,4,0,0,6
28,6,2015,13,398748,2,1,6,5.42857142857143,5,0,0,7
28,6,2015,14,398749,0,2,4,4.33333333333333,4,0,0,6
28,6,2015,15,398750,0,0,4,4,4,0,0,6
28,6,2015,16,398751,0,0,4,4,4,0,0,6
28,6,2015,17,398752,0,0,4,4,4,0,0,6
28,6,2015,18,398753,0,0,4,4,4,0,0,6
28,6,2015,19,398754,0,1,3,3.16666666666667,3,0,0,6
28,6,2015,20,398755,0,0,3,3,3,0,0,6
28,6,2015,21,398756,0,0,3,3,3,0,0,6
28,6,2015,22,398757,0,0,3,3,3,0,0,6
28,6,2015,23,398758,0,0,3,3,3,0,0,6
29,6,2015,0,398759,0,0,3,3,3,0,0,6
29,6,2015,1,398760,0,0,3,3,3,0,0,6
29,6,2015,2,398761,0,0,3,3,3,0,0,6
29,6,2015,3,398762,0,0,3,3,3,0,0,6
29,6,2015,4,398763,0,0,3,3,3,0,0,6
29,6,2015,5,398764,0,0,6,6,6,0,0,6
29,6,2015,6,398765,1,0,5,5.33333333333333,6,0,0,6
29,6,2015,7,398766,2,0,7,7,8,0,0,7
29,6,2015,8,398767,1,0,8,8.16666666666667,9,0,0,6
29,6,2015,9,398768,0,3,8,7.875,6,0,0,8
29,6,2015,10,398769,0,1,5,5.33333333333333,5,0,0,6
29,6,2015,11,398770,1,0,5,5.33333333333333,6,0,0,6
29,6,2015,12,398771,1,1,5,5.28571428571429,6,0,0,7
29,6,2015,13,398772,0,3,5,4.6,3,0,0,5
29,6,2015,14,398773,0,0,3,3,3,0,0,6
29,6,2015,15,398774,2,3,2,1.57142857142857,2,0.285714285714286,0,7
29,6,2015,16,398775,8,1,2,3.71428571428571,8,0.142857142857143,0,7
29,6,2015,17,398776,1,1,8,7.57142857142857,7,0,0,7
29,6,2015,18,398777,1,1,7,7.375,7,0,0,8
29,6,2015,19,398778,0,0,7,7,7,0,0,5
29,6,2015,20,398779,0,0,6,6,6,0,0,6
29,6,2015,21,398780,1,0,7,6.66666666666667,7,0,0,6
29,6,2015,22,398781,0,0,7,7,7,0,0,6
29,6,2015,23,398782,0,0,7,7,7,0,0,6
30,6,2015,0,398783,0,0,7,7,7,0,0,6
30,6,2015,1,398784,0,0,7,7,7,0,0,6
30,6,2015,2,398785,0,0,7,7,7,0,0,6
30,6,2015,3,398786,0,0,7,7,7,0,0,7
30,6,2015,4,398787,0,0,7,7,7,0,0,6
30,6,2015,5,398788,1,0,7,7.2,8,0,0,5
30,6,2015,6,398789,3,1,9,8.57142857142857,9,0,0,7
30,6,2015,7,398790,0,0,9,9,9,0,0,6
30,6,2015,8,398791,0,0,9,9,9,0,0,6
30,6,2015,9,398792,0,0,9,9,9,0,0,6
30,6,2015,10,398793,0,0,9,9,9,0,0,6
30,6,2015,11,398794,1,0,9,8.83333333333333,9,0,0,6
30,6,2015,12,398795,0,0,9,9,9,0,0,6
30,6,2015,13,398796,0,1,8.5,8.5,8,0,0,6
30,6,2015,14,398797,1,1,8,8.33333333333333,8,0,0,6
30,6,2015,15,398798,5,5,5,5.44444444444444,8,0,0,9
30,6,2015,16,398799,3,3,7,7.28571428571429,7,0,0,7
30,6,2015,17,398800,0,3,6,5.5,4,0,0,6
30,6,2015,18,398801,0,1,3,3.16666666666667,3,0,0,6
30,6,2015,19,398802,1,0,4,3.66666666666667,4,0,0,6
30,6,2015,20,398803,1,0,5,4.83333333333333,5,0,0,6
30,6,2015,21,398804,1,0,5,5.16666666666667,6,0,0,6
30,6,2015,22,398805,0,0,6,6,6,0,0,5
30,6,2015,23,398806,1,0,7,6.66666666666667,7,0,0,6
1,7,2015,0,398807,0,0,7,7,7,0,0,5
1,7,2015,1,398808,0,0,7,7,7,0,0,6
1,7,2015,2,398809,0,0,7,7,7,0,0,6
1,7,2015,3,398810,0,0,7,7,7,0,0,6
1,7,2015,4,398811,0,0,7,7,7,0,0,6
1,7,2015,5,398812,0,2,6,6.14285714285714,5,0,0,7
1,7,2015,6,398813,1,1,5,5.4,5,0,0,5
1,7,2015,7,398814,0,0,5,5,5,0,0,6
1,7,2015,8,398815,1,0,5,4.83333333333333,5,0,0,6
1,7,2015,9,398816,0,0,5,5,5,0,0,6
1,7,2015,10,398817,0,0,5,5,5,0,0,6
1,7,2015,11,398818,0,0,5,5,5,0,0,6
1,7,2015,12,398819,1,1,5,4.66666666666667,5,0,0,6
1,7,2015,13,398820,0,1,4,4.33333333333333,4,0,0,6
1,7,2015,14,398821,0,0,5,5,5,0,0,6
1,7,2015,15,398822,1,2,6,5.57142857142857,4,0,0,7
1,7,2015,16,398823,0,1,4,3.66666666666667,3,0,0,6
1,7,2015,17,398824,1,0,3,2.71428571428571,3,0,0,7
1,7,2015,18,398825,7,1,4,5.28571428571429,9,0,0,7
1,7,2015,19,398826,2,3,7.5,7.5,8,0,0,6
1,7,2015,20,398827,0,1,7,7.14285714285714,7,0,0,7
1,7,2015,21,398828,0,0,7,7,7,0,0,6
1,7,2015,22,398829,1,0,7,7.33333333333333,8,0,0,6
1,7,2015,23,398830,0,0,8,8,8,0,0,6
2,7,2015,0,398831,0,0,8,8,8,0,0,6
2,7,2015,1,398832,0,0,8,8,8,0,0,6
2,7,2015,2,398833,0,0,8,8,8,0,0,2
